delete from players;
delete from teams;

Insert into  teams (CODE,NAME) values ('ATL','Atlanta Hawks');
Insert into  teams (CODE,NAME) values ('BOS','Boston Celtics');
Insert into  teams (CODE,NAME) values ('BKN','Brooklyn Nets');
Insert into  teams (CODE,NAME) values ('CHA','Charlotte Hornets');
Insert into  teams (CODE,NAME) values ('CHI','Chicago Bulls');
Insert into  teams (CODE,NAME) values ('CLE','Cleveland Cavaliers');
Insert into  teams (CODE,NAME) values ('DAL','Dallas Mavericks');
Insert into  teams (CODE,NAME) values ('DEN','Denver Nuggets');
Insert into  teams (CODE,NAME) values ('DET','Detroit Pistons');
Insert into  teams (CODE,NAME) values ('GSW','Golden State Warriors');
Insert into  teams (CODE,NAME) values ('HOU','Houston Rockets');
Insert into  teams (CODE,NAME) values ('IND','Indiana Pacers');
Insert into  teams (CODE,NAME) values ('LAC','Los Angeles Clippers');
Insert into  teams (CODE,NAME) values ('LAL','Los Angeles Lakers');
Insert into  teams (CODE,NAME) values ('MEM','Memphis Grizzlies');
Insert into  teams (CODE,NAME) values ('MIA','Miami Heat');
Insert into  teams (CODE,NAME) values ('MIL','Milwaukee Bucks');
Insert into  teams (CODE,NAME) values ('MIN','Minnesota Timberwolves');
Insert into  teams (CODE,NAME) values ('NOR','New Orleans Pelicans');
Insert into  teams (CODE,NAME) values ('NYK','New York Knicks');
Insert into  teams (CODE,NAME) values ('OKC','Oklahoma City Thunder');
Insert into  teams (CODE,NAME) values ('ORL','Orlando Magic');
Insert into  teams (CODE,NAME) values ('PHI','Philadelphia 76ers');
Insert into  teams (CODE,NAME) values ('PHO','Phoenix Suns');
Insert into  teams (CODE,NAME) values ('POR','Portland Trail Blazers');
Insert into  teams (CODE,NAME) values ('SAC','Sacramento Kings');
Insert into  teams (CODE,NAME) values ('SAS','San Antonio Spurs');
Insert into  teams (CODE,NAME) values ('TOR','Toronto Raptors');
Insert into  teams (CODE,NAME) values ('UTH','Utah Jazz');
Insert into  teams (CODE,NAME) values ('WAS','Washington Wizards');

delete FROM players;
Insert into  players (ID,TEAM,NAME,AVG_PTS,SIRA,IS_PG,IS_SG,IS_SF,IS_PF,IS_C,INJ_END,IS_MY,GAMES_PLAYED,IS_POTENTIAL) values (1,'LAL','A. Davis',59.18,2,0,0,0,1,1,null,0,56,0);
Insert into  players (ID,TEAM,NAME,AVG_PTS,SIRA,IS_PG,IS_SG,IS_SF,IS_PF,IS_C,INJ_END,IS_MY,GAMES_PLAYED,IS_POTENTIAL) values (2,'GSW','S. Curry',44.99,4,1,1,0,0,0,null,0,69,0);
Insert into  players (ID,TEAM,NAME,AVG_PTS,SIRA,IS_PG,IS_SG,IS_SF,IS_PF,IS_C,INJ_END,IS_MY,GAMES_PLAYED,IS_POTENTIAL) values (3,'HOU','J. Harden',57.25,1,1,1,0,0,0,null,0,78,0);
Insert into  players (ID,TEAM,NAME,AVG_PTS,SIRA,IS_PG,IS_SG,IS_SF,IS_PF,IS_C,INJ_END,IS_MY,GAMES_PLAYED,IS_POTENTIAL) values (4,'MIN','K. Towns',51.60,5,0,0,0,0,1,null,0,77,0);
Insert into  players (ID,TEAM,NAME,AVG_PTS,SIRA,IS_PG,IS_SG,IS_SF,IS_PF,IS_C,INJ_END,IS_MY,GAMES_PLAYED,IS_POTENTIAL) values (5,'MIL','G. Antetokounmpo',60.60,3,0,0,1,1,0,null,0,72,0);
Insert into  players (ID,TEAM,NAME,AVG_PTS,SIRA,IS_PG,IS_SG,IS_SF,IS_PF,IS_C,INJ_END,IS_MY,GAMES_PLAYED,IS_POTENTIAL) values (6,'DEN','N. Jokic',51.00,8,0,0,0,1,1,null,0,80,0);
Insert into  players (ID,TEAM,NAME,AVG_PTS,SIRA,IS_PG,IS_SG,IS_SF,IS_PF,IS_C,INJ_END,IS_MY,GAMES_PLAYED,IS_POTENTIAL) values (7,'PHI','J. Embiid',55.59,21,0,0,0,1,1,null,0,64,0);
Insert into  players (ID,TEAM,NAME,AVG_PTS,SIRA,IS_PG,IS_SG,IS_SF,IS_PF,IS_C,INJ_END,IS_MY,GAMES_PLAYED,IS_POTENTIAL) values (8,'POR','D. Lillard',44.98,9,1,0,0,0,0,null,1,80,0);
Insert into  players (ID,TEAM,NAME,AVG_PTS,SIRA,IS_PG,IS_SG,IS_SF,IS_PF,IS_C,INJ_END,IS_MY,GAMES_PLAYED,IS_POTENTIAL) values (9,'LAL','L. James',54.55,7,0,0,1,1,0,null,0,55,0);
Insert into  players (ID,TEAM,NAME,AVG_PTS,SIRA,IS_PG,IS_SG,IS_SF,IS_PF,IS_C,INJ_END,IS_MY,GAMES_PLAYED,IS_POTENTIAL) values (10,'WAS','B. Beal',44.41,19,0,1,0,0,0,null,0,82,0);
Insert into  players (ID,TEAM,NAME,AVG_PTS,SIRA,IS_PG,IS_SG,IS_SF,IS_PF,IS_C,INJ_END,IS_MY,GAMES_PLAYED,IS_POTENTIAL) values (11,'BKN','K. Irving',45.65,18,1,1,0,0,0,null,1,67,0);
Insert into  players (ID,TEAM,NAME,AVG_PTS,SIRA,IS_PG,IS_SG,IS_SF,IS_PF,IS_C,INJ_END,IS_MY,GAMES_PLAYED,IS_POTENTIAL) values (12,'LAC','K. Leonard',46.74,13,0,1,1,0,0,null,0,60,0);
Insert into  players (ID,TEAM,NAME,AVG_PTS,SIRA,IS_PG,IS_SG,IS_SF,IS_PF,IS_C,INJ_END,IS_MY,GAMES_PLAYED,IS_POTENTIAL) values (13,'LAC','P. George',48.11,12,0,0,1,1,0,null,1,77,0);
Insert into  players (ID,TEAM,NAME,AVG_PTS,SIRA,IS_PG,IS_SG,IS_SF,IS_PF,IS_C,INJ_END,IS_MY,GAMES_PLAYED,IS_POTENTIAL) values (14,'MIA','J. Butler',37.69,22,0,1,1,0,0,null,0,65,0);
Insert into  players (ID,TEAM,NAME,AVG_PTS,SIRA,IS_PG,IS_SG,IS_SF,IS_PF,IS_C,INJ_END,IS_MY,GAMES_PLAYED,IS_POTENTIAL) values (15,'NOR','J. Holiday',43.75,20,1,1,0,0,0,null,0,67,0);
Insert into  players (ID,TEAM,NAME,AVG_PTS,SIRA,IS_PG,IS_SG,IS_SF,IS_PF,IS_C,INJ_END,IS_MY,GAMES_PLAYED,IS_POTENTIAL) values (16,'BOS','K. Walker',41.71,14,1,0,0,0,0,null,0,82,0);
Insert into  players (ID,TEAM,NAME,AVG_PTS,SIRA,IS_PG,IS_SG,IS_SF,IS_PF,IS_C,INJ_END,IS_MY,GAMES_PLAYED,IS_POTENTIAL) values (17,'UTH','R. Gobert',45.91,27,0,0,0,0,1,null,0,81,0);
Insert into  players (ID,TEAM,NAME,AVG_PTS,SIRA,IS_PG,IS_SG,IS_SF,IS_PF,IS_C,INJ_END,IS_MY,GAMES_PLAYED,IS_POTENTIAL) values (18,'HOU','R. Westbrook',54.66,10,1,0,0,0,0,null,0,73,0);
Insert into  players (ID,TEAM,NAME,AVG_PTS,SIRA,IS_PG,IS_SG,IS_SF,IS_PF,IS_C,INJ_END,IS_MY,GAMES_PLAYED,IS_POTENTIAL) values (19,'ATL','T. Young',34.76,109,1,0,0,0,0,null,0,81,0);
Insert into  players (ID,TEAM,NAME,AVG_PTS,SIRA,IS_PG,IS_SG,IS_SF,IS_PF,IS_C,INJ_END,IS_MY,GAMES_PLAYED,IS_POTENTIAL) values (20,'IND','M. Turner',33.14,42,0,0,0,1,1,null,0,74,0);
Insert into  players (ID,TEAM,NAME,AVG_PTS,SIRA,IS_PG,IS_SG,IS_SF,IS_PF,IS_C,INJ_END,IS_MY,GAMES_PLAYED,IS_POTENTIAL) values (21,'ORL','N. Vucevic',49.00,59,0,0,0,1,1,null,0,80,0);
Insert into  players (ID,TEAM,NAME,AVG_PTS,SIRA,IS_PG,IS_SG,IS_SF,IS_PF,IS_C,INJ_END,IS_MY,GAMES_PLAYED,IS_POTENTIAL) values (22,'PHO','D. Ayton',38.56,69,0,0,0,0,1,null,0,71,0);
Insert into  players (ID,TEAM,NAME,AVG_PTS,SIRA,IS_PG,IS_SG,IS_SF,IS_PF,IS_C,INJ_END,IS_MY,GAMES_PLAYED,IS_POTENTIAL) values (23,'DET','A. Drummond',47.70,29,0,0,0,1,1,null,0,79,0);
Insert into  players (ID,TEAM,NAME,AVG_PTS,SIRA,IS_PG,IS_SG,IS_SF,IS_PF,IS_C,INJ_END,IS_MY,GAMES_PLAYED,IS_POTENTIAL) values (24,'DAL','L. Doncic',39.44,24,1,0,0,0,0,null,0,72,0);
Insert into  players (ID,TEAM,NAME,AVG_PTS,SIRA,IS_PG,IS_SG,IS_SF,IS_PF,IS_C,INJ_END,IS_MY,GAMES_PLAYED,IS_POTENTIAL) values (25,'TOR','P. Siakam',35.36,141,0,0,0,1,0,null,0,80,0);
Insert into  players (ID,TEAM,NAME,AVG_PTS,SIRA,IS_PG,IS_SG,IS_SF,IS_PF,IS_C,INJ_END,IS_MY,GAMES_PLAYED,IS_POTENTIAL) values (26,'NYK','M. Robinson',26.54,69,0,0,0,0,1,null,0,66,0);
Insert into  players (ID,TEAM,NAME,AVG_PTS,SIRA,IS_PG,IS_SG,IS_SF,IS_PF,IS_C,INJ_END,IS_MY,GAMES_PLAYED,IS_POTENTIAL) values (27,'ATL','J. Collins',39.20,45,0,0,0,1,1,null,0,61,0);
Insert into  players (ID,TEAM,NAME,AVG_PTS,SIRA,IS_PG,IS_SG,IS_SF,IS_PF,IS_C,INJ_END,IS_MY,GAMES_PLAYED,IS_POTENTIAL) values (28,'PHI','B. Simmons',44.73,16,1,0,0,0,0,null,0,79,0);
Insert into  players (ID,TEAM,NAME,AVG_PTS,SIRA,IS_PG,IS_SG,IS_SF,IS_PF,IS_C,INJ_END,IS_MY,GAMES_PLAYED,IS_POTENTIAL) values (29,'SAC','D. Fox',36.32,127,1,0,0,0,0,null,0,81,0);
Insert into  players (ID,TEAM,NAME,AVG_PTS,SIRA,IS_PG,IS_SG,IS_SF,IS_PF,IS_C,INJ_END,IS_MY,GAMES_PLAYED,IS_POTENTIAL) values (30,'PHO','D. Booker',41.69,25,1,1,0,0,0,null,0,64,0);
Insert into  players (ID,TEAM,NAME,AVG_PTS,SIRA,IS_PG,IS_SG,IS_SF,IS_PF,IS_C,INJ_END,IS_MY,GAMES_PLAYED,IS_POTENTIAL) values (31,'GSW','D. Green',31.74,30,0,0,0,1,1,null,1,66,0);
Insert into  players (ID,TEAM,NAME,AVG_PTS,SIRA,IS_PG,IS_SG,IS_SF,IS_PF,IS_C,INJ_END,IS_MY,GAMES_PLAYED,IS_POTENTIAL) values (32,'OKC','C. Paul',37.58,15,1,0,0,0,0,null,0,58,0);
Insert into  players (ID,TEAM,NAME,AVG_PTS,SIRA,IS_PG,IS_SG,IS_SF,IS_PF,IS_C,INJ_END,IS_MY,GAMES_PLAYED,IS_POTENTIAL) values (33,'UTH','D. Mitchell',35.86,17,1,1,0,0,0,null,0,77,0);
Insert into  players (ID,TEAM,NAME,AVG_PTS,SIRA,IS_PG,IS_SG,IS_SF,IS_PF,IS_C,INJ_END,IS_MY,GAMES_PLAYED,IS_POTENTIAL) values (34,'NYK','K. Porzingis',0.00,155,0,0,0,1,1,null,0,0,0);
Insert into  players (ID,TEAM,NAME,AVG_PTS,SIRA,IS_PG,IS_SG,IS_SF,IS_PF,IS_C,INJ_END,IS_MY,GAMES_PLAYED,IS_POTENTIAL) values (35,'MEM','J. Jackson Jr.',25.81,30,0,0,0,1,1,null,1,58,0);
Insert into  players (ID,TEAM,NAME,AVG_PTS,SIRA,IS_PG,IS_SG,IS_SF,IS_PF,IS_C,INJ_END,IS_MY,GAMES_PLAYED,IS_POTENTIAL) values (36,'NOR','Z. Williamson',0.00,155,0,0,0,1,0,null,0,0,0);
Insert into  players (ID,TEAM,NAME,AVG_PTS,SIRA,IS_PG,IS_SG,IS_SF,IS_PF,IS_C,INJ_END,IS_MY,GAMES_PLAYED,IS_POTENTIAL) values (37,'SAC','B. Hield',32.32,89,0,1,0,0,0,null,0,82,0);
Insert into  players (ID,TEAM,NAME,AVG_PTS,SIRA,IS_PG,IS_SG,IS_SF,IS_PF,IS_C,INJ_END,IS_MY,GAMES_PLAYED,IS_POTENTIAL) values (38,'BOS','J. Tatum',29.91,51,0,0,1,1,0,null,0,79,0);
Insert into  players (ID,TEAM,NAME,AVG_PTS,SIRA,IS_PG,IS_SG,IS_SF,IS_PF,IS_C,INJ_END,IS_MY,GAMES_PLAYED,IS_POTENTIAL) values (39,'GSW','D. Russell',36.90,93,1,1,0,0,0,null,0,81,0);
Insert into  players (ID,TEAM,NAME,AVG_PTS,SIRA,IS_PG,IS_SG,IS_SF,IS_PF,IS_C,INJ_END,IS_MY,GAMES_PLAYED,IS_POTENTIAL) values (40,'UTH','M. Conley',38.48,47,1,0,0,0,0,null,0,70,0);
Insert into  players (ID,TEAM,NAME,AVG_PTS,SIRA,IS_PG,IS_SG,IS_SF,IS_PF,IS_C,INJ_END,IS_MY,GAMES_PLAYED,IS_POTENTIAL) values (41,'CHI','L. Markkanen',33.96,50,0,0,0,1,0,null,0,52,0);
Insert into  players (ID,TEAM,NAME,AVG_PTS,SIRA,IS_PG,IS_SG,IS_SF,IS_PF,IS_C,INJ_END,IS_MY,GAMES_PLAYED,IS_POTENTIAL) values (42,'DET','B. Griffin',42.18,48,0,0,0,1,1,null,0,75,0);
Insert into  players (ID,TEAM,NAME,AVG_PTS,SIRA,IS_PG,IS_SG,IS_SF,IS_PF,IS_C,INJ_END,IS_MY,GAMES_PLAYED,IS_POTENTIAL) values (43,'CHI','O. Porter Jr.',28.62,31,0,0,1,1,0,null,0,56,0);
Insert into  players (ID,TEAM,NAME,AVG_PTS,SIRA,IS_PG,IS_SG,IS_SF,IS_PF,IS_C,INJ_END,IS_MY,GAMES_PLAYED,IS_POTENTIAL) values (44,'MIN','R. Covington',28.37,52,0,0,1,1,0,null,0,35,0);
Insert into  players (ID,TEAM,NAME,AVG_PTS,SIRA,IS_PG,IS_SG,IS_SF,IS_PF,IS_C,INJ_END,IS_MY,GAMES_PLAYED,IS_POTENTIAL) values (45,'MIL','K. Middleton',32.97,26,0,1,1,0,0,null,0,77,0);
Insert into  players (ID,TEAM,NAME,AVG_PTS,SIRA,IS_PG,IS_SG,IS_SF,IS_PF,IS_C,INJ_END,IS_MY,GAMES_PLAYED,IS_POTENTIAL) values (46,'SAS','L. Aldridge',42.86,36,0,0,0,1,1,null,0,81,0);
Insert into  players (ID,TEAM,NAME,AVG_PTS,SIRA,IS_PG,IS_SG,IS_SF,IS_PF,IS_C,INJ_END,IS_MY,GAMES_PLAYED,IS_POTENTIAL) values (47,'HOU','C. Capela',44.24,38,0,0,0,1,1,null,0,67,0);
Insert into  players (ID,TEAM,NAME,AVG_PTS,SIRA,IS_PG,IS_SG,IS_SF,IS_PF,IS_C,INJ_END,IS_MY,GAMES_PLAYED,IS_POTENTIAL) values (48,'SAS','D. DeRozan',41.93,37,0,1,1,0,0,null,0,77,0);
Insert into  players (ID,TEAM,NAME,AVG_PTS,SIRA,IS_PG,IS_SG,IS_SF,IS_PF,IS_C,INJ_END,IS_MY,GAMES_PLAYED,IS_POTENTIAL) values (49,'MIL','E. Bledsoe',34.39,39,1,1,0,0,0,null,0,78,0);
Insert into  players (ID,TEAM,NAME,AVG_PTS,SIRA,IS_PG,IS_SG,IS_SF,IS_PF,IS_C,INJ_END,IS_MY,GAMES_PLAYED,IS_POTENTIAL) values (50,'PHI','T. Harris',37.19,33,0,0,1,1,0,null,0,82,0);
Insert into  players (ID,TEAM,NAME,AVG_PTS,SIRA,IS_PG,IS_SG,IS_SF,IS_PF,IS_C,INJ_END,IS_MY,GAMES_PLAYED,IS_POTENTIAL) values (51,'POR','C. McCollum',33.04,28,1,1,0,0,0,null,0,70,0);
Insert into  players (ID,TEAM,NAME,AVG_PTS,SIRA,IS_PG,IS_SG,IS_SF,IS_PF,IS_C,INJ_END,IS_MY,GAMES_PLAYED,IS_POTENTIAL) values (52,'MIL','B. Lopez',26.81,73,0,0,0,0,1,null,0,81,0);
Insert into  players (ID,TEAM,NAME,AVG_PTS,SIRA,IS_PG,IS_SG,IS_SF,IS_PF,IS_C,INJ_END,IS_MY,GAMES_PLAYED,IS_POTENTIAL) values (53,'CLE','K. Love',33.45,35,0,0,0,1,1,null,0,22,0);
Insert into  players (ID,TEAM,NAME,AVG_PTS,SIRA,IS_PG,IS_SG,IS_SF,IS_PF,IS_C,INJ_END,IS_MY,GAMES_PLAYED,IS_POTENTIAL) values (54,'DEN','J. Murray',32.41,40,1,1,0,0,0,null,0,75,0);
Insert into  players (ID,TEAM,NAME,AVG_PTS,SIRA,IS_PG,IS_SG,IS_SF,IS_PF,IS_C,INJ_END,IS_MY,GAMES_PLAYED,IS_POTENTIAL) values (55,'TOR','K. Lowry',36.28,23,1,0,0,0,0,null,0,65,0);
Insert into  players (ID,TEAM,NAME,AVG_PTS,SIRA,IS_PG,IS_SG,IS_SF,IS_PF,IS_C,INJ_END,IS_MY,GAMES_PLAYED,IS_POTENTIAL) values (56,'ORL','A. Gordon',32.99,6,0,0,1,1,0,null,0,78,0);
Insert into  players (ID,TEAM,NAME,AVG_PTS,SIRA,IS_PG,IS_SG,IS_SF,IS_PF,IS_C,INJ_END,IS_MY,GAMES_PLAYED,IS_POTENTIAL) values (57,'NOR','D. Favors',29.72,146,0,0,0,1,1,null,0,76,0);
Insert into  players (ID,TEAM,NAME,AVG_PTS,SIRA,IS_PG,IS_SG,IS_SF,IS_PF,IS_C,INJ_END,IS_MY,GAMES_PLAYED,IS_POTENTIAL) values (58,'CHI','Z. LaVine',36.56,64,1,1,0,0,0,null,0,63,0);
Insert into  players (ID,TEAM,NAME,AVG_PTS,SIRA,IS_PG,IS_SG,IS_SF,IS_PF,IS_C,INJ_END,IS_MY,GAMES_PLAYED,IS_POTENTIAL) values (59,'MIA','B. Adebayo',26.11,59,0,0,0,1,1,null,0,82,0);
Insert into  players (ID,TEAM,NAME,AVG_PTS,SIRA,IS_PG,IS_SG,IS_SF,IS_PF,IS_C,INJ_END,IS_MY,GAMES_PLAYED,IS_POTENTIAL) values (60,'PHI','A. Horford',35.84,43,0,0,0,1,1,null,0,68,0);
Insert into  players (ID,TEAM,NAME,AVG_PTS,SIRA,IS_PG,IS_SG,IS_SF,IS_PF,IS_C,INJ_END,IS_MY,GAMES_PLAYED,IS_POTENTIAL) values (61,'OKC','D. Gallinari',34.05,150,0,0,1,1,0,null,0,68,0);
Insert into  players (ID,TEAM,NAME,AVG_PTS,SIRA,IS_PG,IS_SG,IS_SF,IS_PF,IS_C,INJ_END,IS_MY,GAMES_PLAYED,IS_POTENTIAL) values (62,'ORL','J. Isaac',22.47,88,0,0,1,1,0,null,0,75,0);
Insert into  players (ID,TEAM,NAME,AVG_PTS,SIRA,IS_PG,IS_SG,IS_SF,IS_PF,IS_C,INJ_END,IS_MY,GAMES_PLAYED,IS_POTENTIAL) values (63,'PHI','J. Richardson',29.64,55,0,1,1,0,0,null,0,73,0);
Insert into  players (ID,TEAM,NAME,AVG_PTS,SIRA,IS_PG,IS_SG,IS_SF,IS_PF,IS_C,INJ_END,IS_MY,GAMES_PLAYED,IS_POTENTIAL) values (64,'IND','M. Brogdon',29.27,108,1,1,0,0,0,null,1,64,0);
Insert into  players (ID,TEAM,NAME,AVG_PTS,SIRA,IS_PG,IS_SG,IS_SF,IS_PF,IS_C,INJ_END,IS_MY,GAMES_PLAYED,IS_POTENTIAL) values (65,'NYK','J. Randle',39.58,78,0,0,0,1,1,null,0,73,0);
Insert into  players (ID,TEAM,NAME,AVG_PTS,SIRA,IS_PG,IS_SG,IS_SF,IS_PF,IS_C,INJ_END,IS_MY,GAMES_PLAYED,IS_POTENTIAL) values (66,'WAS','T. Bryant',25.87,66,0,0,0,0,1,null,0,72,0);
Insert into  players (ID,TEAM,NAME,AVG_PTS,SIRA,IS_PG,IS_SG,IS_SF,IS_PF,IS_C,INJ_END,IS_MY,GAMES_PLAYED,IS_POTENTIAL) values (67,'MEM','J. Valanciunas',33.28,76,0,0,0,0,1,null,0,49,0);
Insert into  players (ID,TEAM,NAME,AVG_PTS,SIRA,IS_PG,IS_SG,IS_SF,IS_PF,IS_C,INJ_END,IS_MY,GAMES_PLAYED,IS_POTENTIAL) values (68,'IND','V. Oladipo',35.82,11,1,1,0,0,0,null,0,36,0);
Insert into  players (ID,TEAM,NAME,AVG_PTS,SIRA,IS_PG,IS_SG,IS_SF,IS_PF,IS_C,INJ_END,IS_MY,GAMES_PLAYED,IS_POTENTIAL) values (69,'OKC','S. Gilgeous-Alexander',22.38,192,1,1,0,0,0,null,0,82,0);
Insert into  players (ID,TEAM,NAME,AVG_PTS,SIRA,IS_PG,IS_SG,IS_SF,IS_PF,IS_C,INJ_END,IS_MY,GAMES_PLAYED,IS_POTENTIAL) values (70,'PHO','K. Oubre Jr.',25.92,136,0,0,1,0,0,null,0,69,0);
Insert into  players (ID,TEAM,NAME,AVG_PTS,SIRA,IS_PG,IS_SG,IS_SF,IS_PF,IS_C,INJ_END,IS_MY,GAMES_PLAYED,IS_POTENTIAL) values (71,'SAC','M. Bagley III',29.25,134,0,0,0,1,0,null,0,62,0);
Insert into  players (ID,TEAM,NAME,AVG_PTS,SIRA,IS_PG,IS_SG,IS_SF,IS_PF,IS_C,INJ_END,IS_MY,GAMES_PLAYED,IS_POTENTIAL) values (72,'MEM','J. Morant',0.00,57,1,0,0,0,0,null,0,0,0);
Insert into  players (ID,TEAM,NAME,AVG_PTS,SIRA,IS_PG,IS_SG,IS_SF,IS_PF,IS_C,INJ_END,IS_MY,GAMES_PLAYED,IS_POTENTIAL) values (73,'CHA','T. Rozier',20.13,118,1,1,0,0,0,null,0,79,0);
Insert into  players (ID,TEAM,NAME,AVG_PTS,SIRA,IS_PG,IS_SG,IS_SF,IS_PF,IS_C,INJ_END,IS_MY,GAMES_PLAYED,IS_POTENTIAL) values (74,'CHI','W. Carter Jr.',26.32,83,0,0,0,0,1,null,0,44,0);
Insert into  players (ID,TEAM,NAME,AVG_PTS,SIRA,IS_PG,IS_SG,IS_SF,IS_PF,IS_C,INJ_END,IS_MY,GAMES_PLAYED,IS_POTENTIAL) values (75,'CLE','L. Nance Jr.',30.39,193,0,0,0,1,1,null,0,67,0);
Insert into  players (ID,TEAM,NAME,AVG_PTS,SIRA,IS_PG,IS_SG,IS_SF,IS_PF,IS_C,INJ_END,IS_MY,GAMES_PLAYED,IS_POTENTIAL) values (76,'CHA','M. Bridges',17.55,145,0,0,1,0,0,null,0,80,0);
Insert into  players (ID,TEAM,NAME,AVG_PTS,SIRA,IS_PG,IS_SG,IS_SF,IS_PF,IS_C,INJ_END,IS_MY,GAMES_PLAYED,IS_POTENTIAL) values (77,'BOS','G. Hayward',24.82,60,0,1,1,0,0,null,0,72,0);
Insert into  players (ID,TEAM,NAME,AVG_PTS,SIRA,IS_PG,IS_SG,IS_SF,IS_PF,IS_C,INJ_END,IS_MY,GAMES_PLAYED,IS_POTENTIAL) values (78,'OKC','S. Adams',35.42,77,0,0,0,0,1,null,1,80,0);
Insert into  players (ID,TEAM,NAME,AVG_PTS,SIRA,IS_PG,IS_SG,IS_SF,IS_PF,IS_C,INJ_END,IS_MY,GAMES_PLAYED,IS_POTENTIAL) values (79,'POR','H. Whiteside',35.22,81,0,0,0,0,1,null,0,72,0);
Insert into  players (ID,TEAM,NAME,AVG_PTS,SIRA,IS_PG,IS_SG,IS_SF,IS_PF,IS_C,INJ_END,IS_MY,GAMES_PLAYED,IS_POTENTIAL) values (80,'TOR','M. Gasol',34.51,80,0,0,0,0,1,null,0,79,0);
Insert into  players (ID,TEAM,NAME,AVG_PTS,SIRA,IS_PG,IS_SG,IS_SF,IS_PF,IS_C,INJ_END,IS_MY,GAMES_PLAYED,IS_POTENTIAL) values (81,'SAS','D. Murray',0.00,101,1,0,0,0,0,null,0,0,0);
Insert into  players (ID,TEAM,NAME,AVG_PTS,SIRA,IS_PG,IS_SG,IS_SF,IS_PF,IS_C,INJ_END,IS_MY,GAMES_PLAYED,IS_POTENTIAL) values (82,'TOR','F. VanVleet',23.54,102,1,0,0,0,0,null,0,64,0);
Insert into  players (ID,TEAM,NAME,AVG_PTS,SIRA,IS_PG,IS_SG,IS_SF,IS_PF,IS_C,INJ_END,IS_MY,GAMES_PLAYED,IS_POTENTIAL) values (83,'IND','D. Sabonis',33.75,187,0,0,0,1,1,null,0,74,0);
Insert into  players (ID,TEAM,NAME,AVG_PTS,SIRA,IS_PG,IS_SG,IS_SF,IS_PF,IS_C,INJ_END,IS_MY,GAMES_PLAYED,IS_POTENTIAL) values (84,'UTH','J. Ingles',27.23,53,0,1,1,0,0,null,0,82,0);
Insert into  players (ID,TEAM,NAME,AVG_PTS,SIRA,IS_PG,IS_SG,IS_SF,IS_PF,IS_C,INJ_END,IS_MY,GAMES_PLAYED,IS_POTENTIAL) values (85,'BKN','C. LeVert',26.09,132,0,1,1,0,0,null,0,40,0);
Insert into  players (ID,TEAM,NAME,AVG_PTS,SIRA,IS_PG,IS_SG,IS_SF,IS_PF,IS_C,INJ_END,IS_MY,GAMES_PLAYED,IS_POTENTIAL) values (86,'PHO','R. Rubio',27.01,57,1,0,0,0,0,null,0,68,0);
Insert into  players (ID,TEAM,NAME,AVG_PTS,SIRA,IS_PG,IS_SG,IS_SF,IS_PF,IS_C,INJ_END,IS_MY,GAMES_PLAYED,IS_POTENTIAL) values (87,'LAC','M. Harrell',35.12,143,0,0,0,1,1,null,0,82,0);
Insert into  players (ID,TEAM,NAME,AVG_PTS,SIRA,IS_PG,IS_SG,IS_SF,IS_PF,IS_C,INJ_END,IS_MY,GAMES_PLAYED,IS_POTENTIAL) values (88,'IND','J. Lamb',29.03,151,0,1,1,0,0,null,0,79,0);
Insert into  players (ID,TEAM,NAME,AVG_PTS,SIRA,IS_PG,IS_SG,IS_SF,IS_PF,IS_C,INJ_END,IS_MY,GAMES_PLAYED,IS_POTENTIAL) values (89,'MIN','J. Teague',30.17,61,1,0,0,0,0,null,0,42,0);
Insert into  players (ID,TEAM,NAME,AVG_PTS,SIRA,IS_PG,IS_SG,IS_SF,IS_PF,IS_C,INJ_END,IS_MY,GAMES_PLAYED,IS_POTENTIAL) values (90,'BKN','J. Allen',29.98,46,0,0,0,1,1,null,0,80,0);
Insert into  players (ID,TEAM,NAME,AVG_PTS,SIRA,IS_PG,IS_SG,IS_SF,IS_PF,IS_C,INJ_END,IS_MY,GAMES_PLAYED,IS_POTENTIAL) values (91,'NOR','L. Ball',26.66,63,1,0,0,0,0,null,0,47,0);
Insert into  players (ID,TEAM,NAME,AVG_PTS,SIRA,IS_PG,IS_SG,IS_SF,IS_PF,IS_C,INJ_END,IS_MY,GAMES_PLAYED,IS_POTENTIAL) values (92,'LAL','K. Kuzma',30.23,80,0,0,1,1,0,null,0,70,0);
Insert into  players (ID,TEAM,NAME,AVG_PTS,SIRA,IS_PG,IS_SG,IS_SF,IS_PF,IS_C,INJ_END,IS_MY,GAMES_PLAYED,IS_POTENTIAL) values (93,'PHO','M. Bridges',19.71,145,0,1,1,0,0,null,0,82,0);
Insert into  players (ID,TEAM,NAME,AVG_PTS,SIRA,IS_PG,IS_SG,IS_SF,IS_PF,IS_C,INJ_END,IS_MY,GAMES_PLAYED,IS_POTENTIAL) values (94,'SAC','D. Dedmon',27.44,96,0,0,0,0,1,null,0,64,0);
Insert into  players (ID,TEAM,NAME,AVG_PTS,SIRA,IS_PG,IS_SG,IS_SF,IS_PF,IS_C,INJ_END,IS_MY,GAMES_PLAYED,IS_POTENTIAL) values (95,'BOS','M. Smart',22.41,95,1,1,0,0,0,null,0,80,0);
Insert into  players (ID,TEAM,NAME,AVG_PTS,SIRA,IS_PG,IS_SG,IS_SF,IS_PF,IS_C,INJ_END,IS_MY,GAMES_PLAYED,IS_POTENTIAL) values (96,'DAL','D. Wright',21.62,174,1,1,0,0,0,null,0,75,0);
Insert into  players (ID,TEAM,NAME,AVG_PTS,SIRA,IS_PG,IS_SG,IS_SF,IS_PF,IS_C,INJ_END,IS_MY,GAMES_PLAYED,IS_POTENTIAL) values (97,'LAC','L. Williams',32.16,56,1,1,0,0,0,null,0,75,0);
Insert into  players (ID,TEAM,NAME,AVG_PTS,SIRA,IS_PG,IS_SG,IS_SF,IS_PF,IS_C,INJ_END,IS_MY,GAMES_PLAYED,IS_POTENTIAL) values (98,'IND','T. Warren',29.64,169,0,0,1,0,0,null,0,43,0);
Insert into  players (ID,TEAM,NAME,AVG_PTS,SIRA,IS_PG,IS_SG,IS_SF,IS_PF,IS_C,INJ_END,IS_MY,GAMES_PLAYED,IS_POTENTIAL) values (99,'CHA','N. Batum',23.61,68,0,1,1,0,0,null,0,75,0);
Insert into  players (ID,TEAM,NAME,AVG_PTS,SIRA,IS_PG,IS_SG,IS_SF,IS_PF,IS_C,INJ_END,IS_MY,GAMES_PLAYED,IS_POTENTIAL) values (100,'DEN','G. Harris',21.16,44,0,1,1,0,0,null,0,57,0);
Insert into  players (ID,TEAM,NAME,AVG_PTS,SIRA,IS_PG,IS_SG,IS_SF,IS_PF,IS_C,INJ_END,IS_MY,GAMES_PLAYED,IS_POTENTIAL) values (101,'SAS','D. White',24.49,201,1,1,0,0,0,null,0,67,0);
Insert into  players (ID,TEAM,NAME,AVG_PTS,SIRA,IS_PG,IS_SG,IS_SF,IS_PF,IS_C,INJ_END,IS_MY,GAMES_PLAYED,IS_POTENTIAL) values (102,'ORL','T. Ross',23.54,24,0,1,1,0,0,null,0,81,0);
Insert into  players (ID,TEAM,NAME,AVG_PTS,SIRA,IS_PG,IS_SG,IS_SF,IS_PF,IS_C,INJ_END,IS_MY,GAMES_PLAYED,IS_POTENTIAL) values (103,'TOR','S. Ibaka',32.55,79,0,0,0,1,1,null,0,74,0);
Insert into  players (ID,TEAM,NAME,AVG_PTS,SIRA,IS_PG,IS_SG,IS_SF,IS_PF,IS_C,INJ_END,IS_MY,GAMES_PLAYED,IS_POTENTIAL) values (104,'CHI','T. Satoransky',24.06,142,1,1,0,0,0,null,0,80,0);
Insert into  players (ID,TEAM,NAME,AVG_PTS,SIRA,IS_PG,IS_SG,IS_SF,IS_PF,IS_C,INJ_END,IS_MY,GAMES_PLAYED,IS_POTENTIAL) values (105,'MIA','J. Winslow',26.86,181,0,0,0,1,0,null,1,66,0);
Insert into  players (ID,TEAM,NAME,AVG_PTS,SIRA,IS_PG,IS_SG,IS_SF,IS_PF,IS_C,INJ_END,IS_MY,GAMES_PLAYED,IS_POTENTIAL) values (106,'MIN','A. Wiggins',28.37,100,0,1,1,0,0,null,0,73,0);
Insert into  players (ID,TEAM,NAME,AVG_PTS,SIRA,IS_PG,IS_SG,IS_SF,IS_PF,IS_C,INJ_END,IS_MY,GAMES_PLAYED,IS_POTENTIAL) values (107,'UTH','B. Bogdanovic',27.47,131,0,1,1,0,0,null,0,81,0);
Insert into  players (ID,TEAM,NAME,AVG_PTS,SIRA,IS_PG,IS_SG,IS_SF,IS_PF,IS_C,INJ_END,IS_MY,GAMES_PLAYED,IS_POTENTIAL) values (108,'NOR','J. Redick',25.86,84,0,1,0,0,0,null,0,76,0);
Insert into  players (ID,TEAM,NAME,AVG_PTS,SIRA,IS_PG,IS_SG,IS_SF,IS_PF,IS_C,INJ_END,IS_MY,GAMES_PLAYED,IS_POTENTIAL) values (109,'CHI','T. Young',29.64,99,0,0,1,1,0,null,0,81,0);
Insert into  players (ID,TEAM,NAME,AVG_PTS,SIRA,IS_PG,IS_SG,IS_SF,IS_PF,IS_C,INJ_END,IS_MY,GAMES_PLAYED,IS_POTENTIAL) values (110,'MEM','B. Clarke',0.0,74,0,0,0,1,0,null,0,0,0);
Insert into  players (ID,TEAM,NAME,AVG_PTS,SIRA,IS_PG,IS_SG,IS_SF,IS_PF,IS_C,INJ_END,IS_MY,GAMES_PLAYED,IS_POTENTIAL) values (111,'LAC','P. Beverley',23.01,147,1,1,0,0,0,null,0,78,0);
Insert into  players (ID,TEAM,NAME,AVG_PTS,SIRA,IS_PG,IS_SG,IS_SF,IS_PF,IS_C,INJ_END,IS_MY,GAMES_PLAYED,IS_POTENTIAL) values (112,'ATL','K. Huerter',19.29,232,0,1,0,0,0,null,0,75,0);
Insert into  players (ID,TEAM,NAME,AVG_PTS,SIRA,IS_PG,IS_SG,IS_SF,IS_PF,IS_C,INJ_END,IS_MY,GAMES_PLAYED,IS_POTENTIAL) values (113,'BKN','D. Jordan',36.35,67,0,0,0,0,1,null,0,69,0);
Insert into  players (ID,TEAM,NAME,AVG_PTS,SIRA,IS_PG,IS_SG,IS_SF,IS_PF,IS_C,INJ_END,IS_MY,GAMES_PLAYED,IS_POTENTIAL) values (114,'BOS','E. Kanter',32.12,114,0,0,0,0,1,null,0,67,0);
Insert into  players (ID,TEAM,NAME,AVG_PTS,SIRA,IS_PG,IS_SG,IS_SF,IS_PF,IS_C,INJ_END,IS_MY,GAMES_PLAYED,IS_POTENTIAL) values (115,'SAC','B. Bogdanovic',25.33,104,0,1,1,0,0,null,0,70,0);
Insert into  players (ID,TEAM,NAME,AVG_PTS,SIRA,IS_PG,IS_SG,IS_SF,IS_PF,IS_C,INJ_END,IS_MY,GAMES_PLAYED,IS_POTENTIAL) values (116,'DEN','P. Millsap',29.27,58,0,0,0,1,1,null,0,70,0);
Insert into  players (ID,TEAM,NAME,AVG_PTS,SIRA,IS_PG,IS_SG,IS_SF,IS_PF,IS_C,INJ_END,IS_MY,GAMES_PLAYED,IS_POTENTIAL) values (117,'BOS','J. Brown',22.35,123,0,1,1,0,0,null,0,74,0);
Insert into  players (ID,TEAM,NAME,AVG_PTS,SIRA,IS_PG,IS_SG,IS_SF,IS_PF,IS_C,INJ_END,IS_MY,GAMES_PLAYED,IS_POTENTIAL) values (118,'LAL','B. Ingram',30.10,94,0,1,1,0,0,null,0,52,0);
Insert into  players (ID,TEAM,NAME,AVG_PTS,SIRA,IS_PG,IS_SG,IS_SF,IS_PF,IS_C,INJ_END,IS_MY,GAMES_PLAYED,IS_POTENTIAL) values (119,'DAL','D. Powell',24.24,229,0,0,0,1,1,null,0,77,0);
Insert into  players (ID,TEAM,NAME,AVG_PTS,SIRA,IS_PG,IS_SG,IS_SF,IS_PF,IS_C,INJ_END,IS_MY,GAMES_PLAYED,IS_POTENTIAL) values (120,'BKN','S. Dinwiddie',27.25,129,1,0,0,0,0,null,0,68,0);
Insert into  players (ID,TEAM,NAME,AVG_PTS,SIRA,IS_PG,IS_SG,IS_SF,IS_PF,IS_C,INJ_END,IS_MY,GAMES_PLAYED,IS_POTENTIAL) values (121,'SAS','R. Gay',29.26,144,0,0,1,1,0,null,0,69,0);
Insert into  players (ID,TEAM,NAME,AVG_PTS,SIRA,IS_PG,IS_SG,IS_SF,IS_PF,IS_C,INJ_END,IS_MY,GAMES_PLAYED,IS_POTENTIAL) values (122,'ORL','E. Fournier',24.98,82,0,1,1,0,0,null,0,81,0);
Insert into  players (ID,TEAM,NAME,AVG_PTS,SIRA,IS_PG,IS_SG,IS_SF,IS_PF,IS_C,INJ_END,IS_MY,GAMES_PLAYED,IS_POTENTIAL) values (123,'BKN','J. Harris',23.29,126,0,1,1,0,0,null,0,76,0);
Insert into  players (ID,TEAM,NAME,AVG_PTS,SIRA,IS_PG,IS_SG,IS_SF,IS_PF,IS_C,INJ_END,IS_MY,GAMES_PLAYED,IS_POTENTIAL) values (124,'MIA','K. Olynyk',20.60,153,0,0,0,1,1,null,0,79,0);
Insert into  players (ID,TEAM,NAME,AVG_PTS,SIRA,IS_PG,IS_SG,IS_SF,IS_PF,IS_C,INJ_END,IS_MY,GAMES_PLAYED,IS_POTENTIAL) values (125,'NYK','R. Barrett',0.0,32,0,0,1,0,0,null,0,0,0);
Insert into  players (ID,TEAM,NAME,AVG_PTS,SIRA,IS_PG,IS_SG,IS_SF,IS_PF,IS_C,INJ_END,IS_MY,GAMES_PLAYED,IS_POTENTIAL) values (126,'HOU','E. Gordon',21.67,107,0,1,0,0,0,null,0,68,0);
Insert into  players (ID,TEAM,NAME,AVG_PTS,SIRA,IS_PG,IS_SG,IS_SF,IS_PF,IS_C,INJ_END,IS_MY,GAMES_PLAYED,IS_POTENTIAL) values (127,'CHA','C. Zeller',26.89,85,0,0,0,1,1,null,0,49,0);
Insert into  players (ID,TEAM,NAME,AVG_PTS,SIRA,IS_PG,IS_SG,IS_SF,IS_PF,IS_C,INJ_END,IS_MY,GAMES_PLAYED,IS_POTENTIAL) values (128,'SAC','H. Barnes',24.61,70,0,0,1,1,0,null,0,77,0);
Insert into  players (ID,TEAM,NAME,AVG_PTS,SIRA,IS_PG,IS_SG,IS_SF,IS_PF,IS_C,INJ_END,IS_MY,GAMES_PLAYED,IS_POTENTIAL) values (129,'CLE','C. Sexton',23.20,156,1,0,0,0,0,null,0,82,0);
Insert into  players (ID,TEAM,NAME,AVG_PTS,SIRA,IS_PG,IS_SG,IS_SF,IS_PF,IS_C,INJ_END,IS_MY,GAMES_PLAYED,IS_POTENTIAL) values (130,'ATL','A. Len',22.55,193,0,0,0,1,1,null,0,77,0);
Insert into  players (ID,TEAM,NAME,AVG_PTS,SIRA,IS_PG,IS_SG,IS_SF,IS_PF,IS_C,INJ_END,IS_MY,GAMES_PLAYED,IS_POTENTIAL) values (131,'WAS','R. Hachimura',0.0,54,0,0,0,1,0,null,0,0,0);
Insert into  players (ID,TEAM,NAME,AVG_PTS,SIRA,IS_PG,IS_SG,IS_SF,IS_PF,IS_C,INJ_END,IS_MY,GAMES_PLAYED,IS_POTENTIAL) values (132,'LAL','D. Green',21.35,158,0,1,1,0,0,null,0,80,0);
Insert into  players (ID,TEAM,NAME,AVG_PTS,SIRA,IS_PG,IS_SG,IS_SF,IS_PF,IS_C,INJ_END,IS_MY,GAMES_PLAYED,IS_POTENTIAL) values (133,'DAL','M. Kleber',17.98,66,0,0,0,1,0,null,0,71,0);
Insert into  players (ID,TEAM,NAME,AVG_PTS,SIRA,IS_PG,IS_SG,IS_SF,IS_PF,IS_C,INJ_END,IS_MY,GAMES_PLAYED,IS_POTENTIAL) values (134,'POR','Z. Collins',15.73,71,0,0,0,1,1,null,0,77,0);
Insert into  players (ID,TEAM,NAME,AVG_PTS,SIRA,IS_PG,IS_SG,IS_SF,IS_PF,IS_C,INJ_END,IS_MY,GAMES_PLAYED,IS_POTENTIAL) values (135,'ORL','D. Augustin',24.39,128,1,0,0,0,0,null,0,81,0);
Insert into  players (ID,TEAM,NAME,AVG_PTS,SIRA,IS_PG,IS_SG,IS_SF,IS_PF,IS_C,INJ_END,IS_MY,GAMES_PLAYED,IS_POTENTIAL) values (136,'MIA','T. Herro',0.0,91,0,1,0,0,0,null,0,0,0);
Insert into  players (ID,TEAM,NAME,AVG_PTS,SIRA,IS_PG,IS_SG,IS_SF,IS_PF,IS_C,INJ_END,IS_MY,GAMES_PLAYED,IS_POTENTIAL) values (137,'DET','D. Rose',30.26,75,1,0,0,0,0,null,0,51,0);
Insert into  players (ID,TEAM,NAME,AVG_PTS,SIRA,IS_PG,IS_SG,IS_SF,IS_PF,IS_C,INJ_END,IS_MY,GAMES_PLAYED,IS_POTENTIAL) values (138,'DEN','W. Barton',21.93,49,0,1,1,0,0,null,0,43,0);
Insert into  players (ID,TEAM,NAME,AVG_PTS,SIRA,IS_PG,IS_SG,IS_SF,IS_PF,IS_C,INJ_END,IS_MY,GAMES_PLAYED,IS_POTENTIAL) values (139,'LAL','J. McGee',30.57,119,0,0,0,0,1,null,0,75,0);
Insert into  players (ID,TEAM,NAME,AVG_PTS,SIRA,IS_PG,IS_SG,IS_SF,IS_PF,IS_C,INJ_END,IS_MY,GAMES_PLAYED,IS_POTENTIAL) values (140,'GSW','W. Cauley-Stein',32.05,137,0,0,0,1,1,null,0,81,0);
Insert into  players (ID,TEAM,NAME,AVG_PTS,SIRA,IS_PG,IS_SG,IS_SF,IS_PF,IS_C,INJ_END,IS_MY,GAMES_PLAYED,IS_POTENTIAL) values (141,'SAS','D. Bertans',16.46,178,0,0,0,1,1,null,0,76,0);
Insert into  players (ID,TEAM,NAME,AVG_PTS,SIRA,IS_PG,IS_SG,IS_SF,IS_PF,IS_C,INJ_END,IS_MY,GAMES_PLAYED,IS_POTENTIAL) values (142,'MEM','K. Anderson',25.60,74,0,1,1,0,0,null,0,43,0);
Insert into  players (ID,TEAM,NAME,AVG_PTS,SIRA,IS_PG,IS_SG,IS_SF,IS_PF,IS_C,INJ_END,IS_MY,GAMES_PLAYED,IS_POTENTIAL) values (143,'POR','K. Bazemore',21.16,124,0,1,1,0,0,null,0,67,0);
Insert into  players (ID,TEAM,NAME,AVG_PTS,SIRA,IS_PG,IS_SG,IS_SF,IS_PF,IS_C,INJ_END,IS_MY,GAMES_PLAYED,IS_POTENTIAL) values (144,'TOR','O. Anunoby',13.16,216,0,0,1,1,0,null,0,67,0);
Insert into  players (ID,TEAM,NAME,AVG_PTS,SIRA,IS_PG,IS_SG,IS_SF,IS_PF,IS_C,INJ_END,IS_MY,GAMES_PLAYED,IS_POTENTIAL) values (145,'CHA','M. Williams',22.51,218,0,0,1,1,0,null,0,75,0);
Insert into  players (ID,TEAM,NAME,AVG_PTS,SIRA,IS_PG,IS_SG,IS_SF,IS_PF,IS_C,INJ_END,IS_MY,GAMES_PLAYED,IS_POTENTIAL) values (146,'HOU','P. Tucker',20.32,184,0,0,1,1,0,null,0,82,0);
Insert into  players (ID,TEAM,NAME,AVG_PTS,SIRA,IS_PG,IS_SG,IS_SF,IS_PF,IS_C,INJ_END,IS_MY,GAMES_PLAYED,IS_POTENTIAL) values (147,'GSW','K. Loooney',20.17,113,0,0,0,1,1,null,0,80,0);
Insert into  players (ID,TEAM,NAME,AVG_PTS,SIRA,IS_PG,IS_SG,IS_SF,IS_PF,IS_C,INJ_END,IS_MY,GAMES_PLAYED,IS_POTENTIAL) values (148,'MIA','G. Dragic',24.91,62,1,1,0,0,0,null,0,36,0);
Insert into  players (ID,TEAM,NAME,AVG_PTS,SIRA,IS_PG,IS_SG,IS_SF,IS_PF,IS_C,INJ_END,IS_MY,GAMES_PLAYED,IS_POTENTIAL) values (149,'CLE','C. Osman',23.26,179,0,0,1,1,0,null,0,76,0);
Insert into  players (ID,TEAM,NAME,AVG_PTS,SIRA,IS_PG,IS_SG,IS_SF,IS_PF,IS_C,INJ_END,IS_MY,GAMES_PLAYED,IS_POTENTIAL) values (150,'PHI','L. Shamet',14.20,138,1,0,0,0,0,null,0,79,0);
Insert into  players (ID,TEAM,NAME,AVG_PTS,SIRA,IS_PG,IS_SG,IS_SF,IS_PF,IS_C,INJ_END,IS_MY,GAMES_PLAYED,IS_POTENTIAL) values (151,'DEN','J. Grant',27.20,115,0,0,1,1,0,null,0,80,0);
Insert into  players (ID,TEAM,NAME,AVG_PTS,SIRA,IS_PG,IS_SG,IS_SF,IS_PF,IS_C,INJ_END,IS_MY,GAMES_PLAYED,IS_POTENTIAL) values (152,'WAS','I. Smith',18.67,206,1,0,0,0,0,null,0,56,0);
Insert into  players (ID,TEAM,NAME,AVG_PTS,SIRA,IS_PG,IS_SG,IS_SF,IS_PF,IS_C,INJ_END,IS_MY,GAMES_PLAYED,IS_POTENTIAL) values (153,'CLE','D. Garland',0.0,156,1,0,0,0,0,null,0,0,0);
Insert into  players (ID,TEAM,NAME,AVG_PTS,SIRA,IS_PG,IS_SG,IS_SF,IS_PF,IS_C,INJ_END,IS_MY,GAMES_PLAYED,IS_POTENTIAL) values (154,'OKC','N. Noel',16.81,233,0,0,0,1,1,null,0,77,0);
Insert into  players (ID,TEAM,NAME,AVG_PTS,SIRA,IS_PG,IS_SG,IS_SF,IS_PF,IS_C,INJ_END,IS_MY,GAMES_PLAYED,IS_POTENTIAL) values (155,'NYK','B. Portis',28.12,180,0,0,0,1,1,null,0,50,0);
Insert into  players (ID,TEAM,NAME,AVG_PTS,SIRA,IS_PG,IS_SG,IS_SF,IS_PF,IS_C,INJ_END,IS_MY,GAMES_PLAYED,IS_POTENTIAL) values (156,'BKN','T. Prince',21.98,163,0,0,1,0,0,null,0,55,0);
Insert into  players (ID,TEAM,NAME,AVG_PTS,SIRA,IS_PG,IS_SG,IS_SF,IS_PF,IS_C,INJ_END,IS_MY,GAMES_PLAYED,IS_POTENTIAL) values (157,'PHO','D. Saric',21.19,87,0,0,0,1,1,null,0,81,0);
Insert into  players (ID,TEAM,NAME,AVG_PTS,SIRA,IS_PG,IS_SG,IS_SF,IS_PF,IS_C,INJ_END,IS_MY,GAMES_PLAYED,IS_POTENTIAL) values (158,'SAS','J. Poeltl',18.71,139,0,0,0,0,1,null,0,77,0);
Insert into  players (ID,TEAM,NAME,AVG_PTS,SIRA,IS_PG,IS_SG,IS_SF,IS_PF,IS_C,INJ_END,IS_MY,GAMES_PLAYED,IS_POTENTIAL) values (159,'NYK','E. Payton',30.79,117,1,0,0,0,0,null,0,42,0);
Insert into  players (ID,TEAM,NAME,AVG_PTS,SIRA,IS_PG,IS_SG,IS_SF,IS_PF,IS_C,INJ_END,IS_MY,GAMES_PLAYED,IS_POTENTIAL) values (160,'CHA','D. Bacon',12.70,121,0,1,0,0,0,null,0,43,0);
Insert into  players (ID,TEAM,NAME,AVG_PTS,SIRA,IS_PG,IS_SG,IS_SF,IS_PF,IS_C,INJ_END,IS_MY,GAMES_PLAYED,IS_POTENTIAL) values (161,'DET','R. Jackson',25.20,130,1,1,0,0,0,null,0,82,0);
Insert into  players (ID,TEAM,NAME,AVG_PTS,SIRA,IS_PG,IS_SG,IS_SF,IS_PF,IS_C,INJ_END,IS_MY,GAMES_PLAYED,IS_POTENTIAL) values (162,'LAL','R. Rondo',28.96,183,1,0,0,0,0,null,0,46,0);
Insert into  players (ID,TEAM,NAME,AVG_PTS,SIRA,IS_PG,IS_SG,IS_SF,IS_PF,IS_C,INJ_END,IS_MY,GAMES_PLAYED,IS_POTENTIAL) values (163,'OKC','D. Schroder',25.77,135,1,0,0,0,0,null,0,79,0);
Insert into  players (ID,TEAM,NAME,AVG_PTS,SIRA,IS_PG,IS_SG,IS_SF,IS_PF,IS_C,INJ_END,IS_MY,GAMES_PLAYED,IS_POTENTIAL) values (164,'MIN','J. Culver',0.00,160,0,0,1,0,0,null,0,0,0);
Insert into  players (ID,TEAM,NAME,AVG_PTS,SIRA,IS_PG,IS_SG,IS_SF,IS_PF,IS_C,INJ_END,IS_MY,GAMES_PLAYED,IS_POTENTIAL) values (165,'SAC','T. Ariza',27.02,106,0,1,1,0,0,null,0,69,0);
Insert into  players (ID,TEAM,NAME,AVG_PTS,SIRA,IS_PG,IS_SG,IS_SF,IS_PF,IS_C,INJ_END,IS_MY,GAMES_PLAYED,IS_POTENTIAL) values (166,'LAC','I. Zubac',21.83,170,0,0,0,0,1,null,0,59,0);
Insert into  players (ID,TEAM,NAME,AVG_PTS,SIRA,IS_PG,IS_SG,IS_SF,IS_PF,IS_C,INJ_END,IS_MY,GAMES_PLAYED,IS_POTENTIAL) values (167,'WAS','T. Brown',11.39,142,0,1,1,0,0,null,0,52,0);
Insert into  players (ID,TEAM,NAME,AVG_PTS,SIRA,IS_PG,IS_SG,IS_SF,IS_PF,IS_C,INJ_END,IS_MY,GAMES_PLAYED,IS_POTENTIAL) values (168,'MEM','J. Crowder',21.65,162,0,0,1,1,0,null,0,80,0);
Insert into  players (ID,TEAM,NAME,AVG_PTS,SIRA,IS_PG,IS_SG,IS_SF,IS_PF,IS_C,INJ_END,IS_MY,GAMES_PLAYED,IS_POTENTIAL) values (169,'BKN','R. Kurucs',15.73,240,0,0,1,0,0,null,0,63,0);
Insert into  players (ID,TEAM,NAME,AVG_PTS,SIRA,IS_PG,IS_SG,IS_SF,IS_PF,IS_C,INJ_END,IS_MY,GAMES_PLAYED,IS_POTENTIAL) values (170,'DET','M. Morris',18.79,223,0,0,0,1,1,null,0,58,0);
update players set sira = id;


delete from schedule;
Insert into schedule (GAME_DATE,HOME,AWAY) values (STR_TO_DATE('26-10-2019','%d-%m-%Y'),'ATL','ORL');
Insert into schedule (GAME_DATE,HOME,AWAY) values (STR_TO_DATE('28-10-2019','%d-%m-%Y'),'ATL','PHI');
Insert into schedule (GAME_DATE,HOME,AWAY) values (STR_TO_DATE('31-10-2019','%d-%m-%Y'),'ATL','MIA');
Insert into schedule (GAME_DATE,HOME,AWAY) values (STR_TO_DATE('05-11-2019','%d-%m-%Y'),'ATL','SAS');
Insert into schedule (GAME_DATE,HOME,AWAY) values (STR_TO_DATE('06-11-2019','%d-%m-%Y'),'ATL','CHI');
Insert into schedule (GAME_DATE,HOME,AWAY) values (STR_TO_DATE('08-11-2019','%d-%m-%Y'),'ATL','SAC');
Insert into schedule (GAME_DATE,HOME,AWAY) values (STR_TO_DATE('20-11-2019','%d-%m-%Y'),'ATL','MIL');
Insert into schedule (GAME_DATE,HOME,AWAY) values (STR_TO_DATE('23-11-2019','%d-%m-%Y'),'ATL','TOR');
Insert into schedule (GAME_DATE,HOME,AWAY) values (STR_TO_DATE('25-11-2019','%d-%m-%Y'),'ATL','MIN');
Insert into schedule (GAME_DATE,HOME,AWAY) values (STR_TO_DATE('02-12-2019','%d-%m-%Y'),'ATL','GSW');
Insert into schedule (GAME_DATE,HOME,AWAY) values (STR_TO_DATE('04-12-2019','%d-%m-%Y'),'ATL','BKN');
Insert into schedule (GAME_DATE,HOME,AWAY) values (STR_TO_DATE('13-12-2019','%d-%m-%Y'),'ATL','IND');
Insert into schedule (GAME_DATE,HOME,AWAY) values (STR_TO_DATE('15-12-2019','%d-%m-%Y'),'ATL','LAL');
Insert into schedule (GAME_DATE,HOME,AWAY) values (STR_TO_DATE('19-12-2019','%d-%m-%Y'),'ATL','UTH');
Insert into schedule (GAME_DATE,HOME,AWAY) values (STR_TO_DATE('27-12-2019','%d-%m-%Y'),'ATL','MIL');
Insert into schedule (GAME_DATE,HOME,AWAY) values (STR_TO_DATE('04-01-2020','%d-%m-%Y'),'ATL','IND');
Insert into schedule (GAME_DATE,HOME,AWAY) values (STR_TO_DATE('06-01-2020','%d-%m-%Y'),'ATL','DEN');
Insert into schedule (GAME_DATE,HOME,AWAY) values (STR_TO_DATE('08-01-2020','%d-%m-%Y'),'ATL','HOU');
Insert into schedule (GAME_DATE,HOME,AWAY) values (STR_TO_DATE('14-01-2020','%d-%m-%Y'),'ATL','PHO');
Insert into schedule (GAME_DATE,HOME,AWAY) values (STR_TO_DATE('18-01-2020','%d-%m-%Y'),'ATL','DET');
Insert into schedule (GAME_DATE,HOME,AWAY) values (STR_TO_DATE('20-01-2020','%d-%m-%Y'),'ATL','TOR');
Insert into schedule (GAME_DATE,HOME,AWAY) values (STR_TO_DATE('22-01-2020','%d-%m-%Y'),'ATL','LAC');
Insert into schedule (GAME_DATE,HOME,AWAY) values (STR_TO_DATE('26-01-2020','%d-%m-%Y'),'ATL','WAS');
Insert into schedule (GAME_DATE,HOME,AWAY) values (STR_TO_DATE('30-01-2020','%d-%m-%Y'),'ATL','PHI');
Insert into schedule (GAME_DATE,HOME,AWAY) values (STR_TO_DATE('03-02-2020','%d-%m-%Y'),'ATL','BOS');
Insert into schedule (GAME_DATE,HOME,AWAY) values (STR_TO_DATE('09-02-2020','%d-%m-%Y'),'ATL','NYK');
Insert into schedule (GAME_DATE,HOME,AWAY) values (STR_TO_DATE('20-02-2020','%d-%m-%Y'),'ATL','MIA');
Insert into schedule (GAME_DATE,HOME,AWAY) values (STR_TO_DATE('22-02-2020','%d-%m-%Y'),'ATL','DAL');
Insert into schedule (GAME_DATE,HOME,AWAY) values (STR_TO_DATE('26-02-2020','%d-%m-%Y'),'ATL','ORL');
Insert into schedule (GAME_DATE,HOME,AWAY) values (STR_TO_DATE('28-02-2020','%d-%m-%Y'),'ATL','BKN');
Insert into schedule (GAME_DATE,HOME,AWAY) values (STR_TO_DATE('29-02-2020','%d-%m-%Y'),'ATL','POR');
Insert into schedule (GAME_DATE,HOME,AWAY) values (STR_TO_DATE('02-03-2020','%d-%m-%Y'),'ATL','MEM');
Insert into schedule (GAME_DATE,HOME,AWAY) values (STR_TO_DATE('09-03-2020','%d-%m-%Y'),'ATL','CHA');
Insert into schedule (GAME_DATE,HOME,AWAY) values (STR_TO_DATE('11-03-2020','%d-%m-%Y'),'ATL','NYK');
Insert into schedule (GAME_DATE,HOME,AWAY) values (STR_TO_DATE('14-03-2020','%d-%m-%Y'),'ATL','CLE');
Insert into schedule (GAME_DATE,HOME,AWAY) values (STR_TO_DATE('18-03-2020','%d-%m-%Y'),'ATL','OKC');
Insert into schedule (GAME_DATE,HOME,AWAY) values (STR_TO_DATE('20-03-2020','%d-%m-%Y'),'ATL','WAS');
Insert into schedule (GAME_DATE,HOME,AWAY) values (STR_TO_DATE('31-03-2020','%d-%m-%Y'),'ATL','NOR');
Insert into schedule (GAME_DATE,HOME,AWAY) values (STR_TO_DATE('03-04-2020','%d-%m-%Y'),'ATL','CHA');
Insert into schedule (GAME_DATE,HOME,AWAY) values (STR_TO_DATE('07-04-2020','%d-%m-%Y'),'ATL','DET');
Insert into schedule (GAME_DATE,HOME,AWAY) values (STR_TO_DATE('15-04-2020','%d-%m-%Y'),'ATL','CLE');
Insert into schedule (GAME_DATE,HOME,AWAY) values (STR_TO_DATE('25-10-2019','%d-%m-%Y'),'BOS','TOR');
Insert into schedule (GAME_DATE,HOME,AWAY) values (STR_TO_DATE('30-10-2019','%d-%m-%Y'),'BOS','MIL');
Insert into schedule (GAME_DATE,HOME,AWAY) values (STR_TO_DATE('01-11-2019','%d-%m-%Y'),'BOS','NYK');
Insert into schedule (GAME_DATE,HOME,AWAY) values (STR_TO_DATE('11-11-2019','%d-%m-%Y'),'BOS','DAL');
Insert into schedule (GAME_DATE,HOME,AWAY) values (STR_TO_DATE('13-11-2019','%d-%m-%Y'),'BOS','WAS');
Insert into schedule (GAME_DATE,HOME,AWAY) values (STR_TO_DATE('25-11-2019','%d-%m-%Y'),'BOS','SAC');
Insert into schedule (GAME_DATE,HOME,AWAY) values (STR_TO_DATE('27-11-2019','%d-%m-%Y'),'BOS','BKN');
Insert into schedule (GAME_DATE,HOME,AWAY) values (STR_TO_DATE('04-12-2019','%d-%m-%Y'),'BOS','MIA');
Insert into schedule (GAME_DATE,HOME,AWAY) values (STR_TO_DATE('06-12-2019','%d-%m-%Y'),'BOS','DEN');
Insert into schedule (GAME_DATE,HOME,AWAY) values (STR_TO_DATE('09-12-2019','%d-%m-%Y'),'BOS','CLE');
Insert into schedule (GAME_DATE,HOME,AWAY) values (STR_TO_DATE('12-12-2019','%d-%m-%Y'),'BOS','PHI');
Insert into schedule (GAME_DATE,HOME,AWAY) values (STR_TO_DATE('20-12-2019','%d-%m-%Y'),'BOS','DET');
Insert into schedule (GAME_DATE,HOME,AWAY) values (STR_TO_DATE('22-12-2019','%d-%m-%Y'),'BOS','CHA');
Insert into schedule (GAME_DATE,HOME,AWAY) values (STR_TO_DATE('27-12-2019','%d-%m-%Y'),'BOS','CLE');
Insert into schedule (GAME_DATE,HOME,AWAY) values (STR_TO_DATE('28-12-2019','%d-%m-%Y'),'BOS','TOR');
Insert into schedule (GAME_DATE,HOME,AWAY) values (STR_TO_DATE('03-01-2020','%d-%m-%Y'),'BOS','ATL');
Insert into schedule (GAME_DATE,HOME,AWAY) values (STR_TO_DATE('08-01-2020','%d-%m-%Y'),'BOS','SAS');
Insert into schedule (GAME_DATE,HOME,AWAY) values (STR_TO_DATE('11-01-2020','%d-%m-%Y'),'BOS','NOR');
Insert into schedule (GAME_DATE,HOME,AWAY) values (STR_TO_DATE('13-01-2020','%d-%m-%Y'),'BOS','CHI');
Insert into schedule (GAME_DATE,HOME,AWAY) values (STR_TO_DATE('15-01-2020','%d-%m-%Y'),'BOS','DET');
Insert into schedule (GAME_DATE,HOME,AWAY) values (STR_TO_DATE('18-01-2020','%d-%m-%Y'),'BOS','PHO');
Insert into schedule (GAME_DATE,HOME,AWAY) values (STR_TO_DATE('20-01-2020','%d-%m-%Y'),'BOS','LAL');
Insert into schedule (GAME_DATE,HOME,AWAY) values (STR_TO_DATE('22-01-2020','%d-%m-%Y'),'BOS','MEM');
Insert into schedule (GAME_DATE,HOME,AWAY) values (STR_TO_DATE('30-01-2020','%d-%m-%Y'),'BOS','GSW');
Insert into schedule (GAME_DATE,HOME,AWAY) values (STR_TO_DATE('01-02-2020','%d-%m-%Y'),'BOS','PHI');
Insert into schedule (GAME_DATE,HOME,AWAY) values (STR_TO_DATE('05-02-2020','%d-%m-%Y'),'BOS','ORL');
Insert into schedule (GAME_DATE,HOME,AWAY) values (STR_TO_DATE('07-02-2020','%d-%m-%Y'),'BOS','ATL');
Insert into schedule (GAME_DATE,HOME,AWAY) values (STR_TO_DATE('13-02-2020','%d-%m-%Y'),'BOS','LAC');
Insert into schedule (GAME_DATE,HOME,AWAY) values (STR_TO_DATE('29-02-2020','%d-%m-%Y'),'BOS','HOU');
Insert into schedule (GAME_DATE,HOME,AWAY) values (STR_TO_DATE('03-03-2020','%d-%m-%Y'),'BOS','BKN');
Insert into schedule (GAME_DATE,HOME,AWAY) values (STR_TO_DATE('06-03-2020','%d-%m-%Y'),'BOS','UTH');
Insert into schedule (GAME_DATE,HOME,AWAY) values (STR_TO_DATE('08-03-2020','%d-%m-%Y'),'BOS','OKC');
Insert into schedule (GAME_DATE,HOME,AWAY) values (STR_TO_DATE('13-03-2020','%d-%m-%Y'),'BOS','WAS');
Insert into schedule (GAME_DATE,HOME,AWAY) values (STR_TO_DATE('18-03-2020','%d-%m-%Y'),'BOS','NYK');
Insert into schedule (GAME_DATE,HOME,AWAY) values (STR_TO_DATE('27-03-2020','%d-%m-%Y'),'BOS','POR');
Insert into schedule (GAME_DATE,HOME,AWAY) values (STR_TO_DATE('29-03-2020','%d-%m-%Y'),'BOS','MIN');
Insert into schedule (GAME_DATE,HOME,AWAY) values (STR_TO_DATE('01-04-2020','%d-%m-%Y'),'BOS','MIA');
Insert into schedule (GAME_DATE,HOME,AWAY) values (STR_TO_DATE('03-04-2020','%d-%m-%Y'),'BOS','ORL');
Insert into schedule (GAME_DATE,HOME,AWAY) values (STR_TO_DATE('05-04-2020','%d-%m-%Y'),'BOS','MIL');
Insert into schedule (GAME_DATE,HOME,AWAY) values (STR_TO_DATE('08-04-2020','%d-%m-%Y'),'BOS','IND');
Insert into schedule (GAME_DATE,HOME,AWAY) values (STR_TO_DATE('15-04-2020','%d-%m-%Y'),'BOS','CHI');
Insert into schedule (GAME_DATE,HOME,AWAY) values (STR_TO_DATE('23-10-2019','%d-%m-%Y'),'BKN','MIN');
Insert into schedule (GAME_DATE,HOME,AWAY) values (STR_TO_DATE('25-10-2019','%d-%m-%Y'),'BKN','NYK');
Insert into schedule (GAME_DATE,HOME,AWAY) values (STR_TO_DATE('30-10-2019','%d-%m-%Y'),'BKN','IND');
Insert into schedule (GAME_DATE,HOME,AWAY) values (STR_TO_DATE('01-11-2019','%d-%m-%Y'),'BKN','HOU');
Insert into schedule (GAME_DATE,HOME,AWAY) values (STR_TO_DATE('04-11-2019','%d-%m-%Y'),'BKN','NOR');
Insert into schedule (GAME_DATE,HOME,AWAY) values (STR_TO_DATE('18-11-2019','%d-%m-%Y'),'BKN','IND');
Insert into schedule (GAME_DATE,HOME,AWAY) values (STR_TO_DATE('20-11-2019','%d-%m-%Y'),'BKN','CHA');
Insert into schedule (GAME_DATE,HOME,AWAY) values (STR_TO_DATE('22-11-2019','%d-%m-%Y'),'BKN','SAC');
Insert into schedule (GAME_DATE,HOME,AWAY) values (STR_TO_DATE('29-11-2019','%d-%m-%Y'),'BKN','BOS');
Insert into schedule (GAME_DATE,HOME,AWAY) values (STR_TO_DATE('01-12-2019','%d-%m-%Y'),'BKN','MIA');
Insert into schedule (GAME_DATE,HOME,AWAY) values (STR_TO_DATE('08-12-2019','%d-%m-%Y'),'BKN','DEN');
Insert into schedule (GAME_DATE,HOME,AWAY) values (STR_TO_DATE('11-12-2019','%d-%m-%Y'),'BKN','CHA');
Insert into schedule (GAME_DATE,HOME,AWAY) values (STR_TO_DATE('15-12-2019','%d-%m-%Y'),'BKN','PHI');
Insert into schedule (GAME_DATE,HOME,AWAY) values (STR_TO_DATE('21-12-2019','%d-%m-%Y'),'BKN','ATL');
Insert into schedule (GAME_DATE,HOME,AWAY) values (STR_TO_DATE('26-12-2019','%d-%m-%Y'),'BKN','NYK');
Insert into schedule (GAME_DATE,HOME,AWAY) values (STR_TO_DATE('04-01-2020','%d-%m-%Y'),'BKN','TOR');
Insert into schedule (GAME_DATE,HOME,AWAY) values (STR_TO_DATE('07-01-2020','%d-%m-%Y'),'BKN','OKC');
Insert into schedule (GAME_DATE,HOME,AWAY) values (STR_TO_DATE('10-01-2020','%d-%m-%Y'),'BKN','MIA');
Insert into schedule (GAME_DATE,HOME,AWAY) values (STR_TO_DATE('12-01-2020','%d-%m-%Y'),'BKN','ATL');
Insert into schedule (GAME_DATE,HOME,AWAY) values (STR_TO_DATE('14-01-2020','%d-%m-%Y'),'BKN','UTH');
Insert into schedule (GAME_DATE,HOME,AWAY) values (STR_TO_DATE('18-01-2020','%d-%m-%Y'),'BKN','MIL');
Insert into schedule (GAME_DATE,HOME,AWAY) values (STR_TO_DATE('20-01-2020','%d-%m-%Y'),'BKN','PHI');
Insert into schedule (GAME_DATE,HOME,AWAY) values (STR_TO_DATE('23-01-2020','%d-%m-%Y'),'BKN','LAL');
Insert into schedule (GAME_DATE,HOME,AWAY) values (STR_TO_DATE('29-01-2020','%d-%m-%Y'),'BKN','DET');
Insert into schedule (GAME_DATE,HOME,AWAY) values (STR_TO_DATE('31-01-2020','%d-%m-%Y'),'BKN','CHI');
Insert into schedule (GAME_DATE,HOME,AWAY) values (STR_TO_DATE('03-02-2020','%d-%m-%Y'),'BKN','PHO');
Insert into schedule (GAME_DATE,HOME,AWAY) values (STR_TO_DATE('05-02-2020','%d-%m-%Y'),'BKN','GSW');
Insert into schedule (GAME_DATE,HOME,AWAY) values (STR_TO_DATE('12-02-2020','%d-%m-%Y'),'BKN','TOR');
Insert into schedule (GAME_DATE,HOME,AWAY) values (STR_TO_DATE('24-02-2020','%d-%m-%Y'),'BKN','ORL');
Insert into schedule (GAME_DATE,HOME,AWAY) values (STR_TO_DATE('04-03-2020','%d-%m-%Y'),'BKN','MEM');
Insert into schedule (GAME_DATE,HOME,AWAY) values (STR_TO_DATE('06-03-2020','%d-%m-%Y'),'BKN','SAS');
Insert into schedule (GAME_DATE,HOME,AWAY) values (STR_TO_DATE('08-03-2020','%d-%m-%Y'),'BKN','CHI');
Insert into schedule (GAME_DATE,HOME,AWAY) values (STR_TO_DATE('18-03-2020','%d-%m-%Y'),'BKN','WAS');
Insert into schedule (GAME_DATE,HOME,AWAY) values (STR_TO_DATE('21-03-2020','%d-%m-%Y'),'BKN','BOS');
Insert into schedule (GAME_DATE,HOME,AWAY) values (STR_TO_DATE('23-03-2020','%d-%m-%Y'),'BKN','ORL');
Insert into schedule (GAME_DATE,HOME,AWAY) values (STR_TO_DATE('25-03-2020','%d-%m-%Y'),'BKN','LAC');
Insert into schedule (GAME_DATE,HOME,AWAY) values (STR_TO_DATE('28-03-2020','%d-%m-%Y'),'BKN','CLE');
Insert into schedule (GAME_DATE,HOME,AWAY) values (STR_TO_DATE('30-03-2020','%d-%m-%Y'),'BKN','POR');
Insert into schedule (GAME_DATE,HOME,AWAY) values (STR_TO_DATE('01-04-2020','%d-%m-%Y'),'BKN','DET');
Insert into schedule (GAME_DATE,HOME,AWAY) values (STR_TO_DATE('05-04-2020','%d-%m-%Y'),'BKN','DAL');
Insert into schedule (GAME_DATE,HOME,AWAY) values (STR_TO_DATE('15-04-2020','%d-%m-%Y'),'BKN','MIL');
Insert into schedule (GAME_DATE,HOME,AWAY) values (STR_TO_DATE('23-10-2019','%d-%m-%Y'),'CHA','CHI');
Insert into schedule (GAME_DATE,HOME,AWAY) values (STR_TO_DATE('25-10-2019','%d-%m-%Y'),'CHA','MIN');
Insert into schedule (GAME_DATE,HOME,AWAY) values (STR_TO_DATE('05-11-2019','%d-%m-%Y'),'CHA','IND');
Insert into schedule (GAME_DATE,HOME,AWAY) values (STR_TO_DATE('07-11-2019','%d-%m-%Y'),'CHA','BOS');
Insert into schedule (GAME_DATE,HOME,AWAY) values (STR_TO_DATE('09-11-2019','%d-%m-%Y'),'CHA','NOR');
Insert into schedule (GAME_DATE,HOME,AWAY) values (STR_TO_DATE('13-11-2019','%d-%m-%Y'),'CHA','MEM');
Insert into schedule (GAME_DATE,HOME,AWAY) values (STR_TO_DATE('15-11-2019','%d-%m-%Y'),'CHA','DET');
Insert into schedule (GAME_DATE,HOME,AWAY) values (STR_TO_DATE('23-11-2019','%d-%m-%Y'),'CHA','CHI');
Insert into schedule (GAME_DATE,HOME,AWAY) values (STR_TO_DATE('27-11-2019','%d-%m-%Y'),'CHA','DET');
Insert into schedule (GAME_DATE,HOME,AWAY) values (STR_TO_DATE('02-12-2019','%d-%m-%Y'),'CHA','PHO');
Insert into schedule (GAME_DATE,HOME,AWAY) values (STR_TO_DATE('04-12-2019','%d-%m-%Y'),'CHA','GSW');
Insert into schedule (GAME_DATE,HOME,AWAY) values (STR_TO_DATE('06-12-2019','%d-%m-%Y'),'CHA','BKN');
Insert into schedule (GAME_DATE,HOME,AWAY) values (STR_TO_DATE('08-12-2019','%d-%m-%Y'),'CHA','ATL');
Insert into schedule (GAME_DATE,HOME,AWAY) values (STR_TO_DATE('10-12-2019','%d-%m-%Y'),'CHA','WAS');
Insert into schedule (GAME_DATE,HOME,AWAY) values (STR_TO_DATE('17-12-2019','%d-%m-%Y'),'CHA','SAC');
Insert into schedule (GAME_DATE,HOME,AWAY) values (STR_TO_DATE('21-12-2019','%d-%m-%Y'),'CHA','UTH');
Insert into schedule (GAME_DATE,HOME,AWAY) values (STR_TO_DATE('27-12-2019','%d-%m-%Y'),'CHA','OKC');
Insert into schedule (GAME_DATE,HOME,AWAY) values (STR_TO_DATE('31-12-2019','%d-%m-%Y'),'CHA','BOS');
Insert into schedule (GAME_DATE,HOME,AWAY) values (STR_TO_DATE('06-01-2020','%d-%m-%Y'),'CHA','IND');
Insert into schedule (GAME_DATE,HOME,AWAY) values (STR_TO_DATE('08-01-2020','%d-%m-%Y'),'CHA','TOR');
Insert into schedule (GAME_DATE,HOME,AWAY) values (STR_TO_DATE('20-01-2020','%d-%m-%Y'),'CHA','ORL');
Insert into schedule (GAME_DATE,HOME,AWAY) values (STR_TO_DATE('24-01-2020','%d-%m-%Y'),'CHA','MIL');
Insert into schedule (GAME_DATE,HOME,AWAY) values (STR_TO_DATE('28-01-2020','%d-%m-%Y'),'CHA','NYK');
Insert into schedule (GAME_DATE,HOME,AWAY) values (STR_TO_DATE('03-02-2020','%d-%m-%Y'),'CHA','ORL');
Insert into schedule (GAME_DATE,HOME,AWAY) values (STR_TO_DATE('08-02-2020','%d-%m-%Y'),'CHA','DAL');
Insert into schedule (GAME_DATE,HOME,AWAY) values (STR_TO_DATE('22-02-2020','%d-%m-%Y'),'CHA','BKN');
Insert into schedule (GAME_DATE,HOME,AWAY) values (STR_TO_DATE('26-02-2020','%d-%m-%Y'),'CHA','NYK');
Insert into schedule (GAME_DATE,HOME,AWAY) values (STR_TO_DATE('01-03-2020','%d-%m-%Y'),'CHA','MIL');
Insert into schedule (GAME_DATE,HOME,AWAY) values (STR_TO_DATE('03-03-2020','%d-%m-%Y'),'CHA','SAS');
Insert into schedule (GAME_DATE,HOME,AWAY) values (STR_TO_DATE('05-03-2020','%d-%m-%Y'),'CHA','DEN');
Insert into schedule (GAME_DATE,HOME,AWAY) values (STR_TO_DATE('07-03-2020','%d-%m-%Y'),'CHA','HOU');
Insert into schedule (GAME_DATE,HOME,AWAY) values (STR_TO_DATE('13-03-2020','%d-%m-%Y'),'CHA','CLE');
Insert into schedule (GAME_DATE,HOME,AWAY) values (STR_TO_DATE('19-03-2020','%d-%m-%Y'),'CHA','PHI');
Insert into schedule (GAME_DATE,HOME,AWAY) values (STR_TO_DATE('21-03-2020','%d-%m-%Y'),'CHA','LAL');
Insert into schedule (GAME_DATE,HOME,AWAY) values (STR_TO_DATE('24-03-2020','%d-%m-%Y'),'CHA','POR');
Insert into schedule (GAME_DATE,HOME,AWAY) values (STR_TO_DATE('28-03-2020','%d-%m-%Y'),'CHA','LAC');
Insert into schedule (GAME_DATE,HOME,AWAY) values (STR_TO_DATE('30-03-2020','%d-%m-%Y'),'CHA','MIA');
Insert into schedule (GAME_DATE,HOME,AWAY) values (STR_TO_DATE('05-04-2020','%d-%m-%Y'),'CHA','ATL');
Insert into schedule (GAME_DATE,HOME,AWAY) values (STR_TO_DATE('08-04-2020','%d-%m-%Y'),'CHA','TOR');
Insert into schedule (GAME_DATE,HOME,AWAY) values (STR_TO_DATE('11-04-2020','%d-%m-%Y'),'CHA','WAS');
Insert into schedule (GAME_DATE,HOME,AWAY) values (STR_TO_DATE('13-04-2020','%d-%m-%Y'),'CHA','MIA');
Insert into schedule (GAME_DATE,HOME,AWAY) values (STR_TO_DATE('26-10-2019','%d-%m-%Y'),'CHI','TOR');
Insert into schedule (GAME_DATE,HOME,AWAY) values (STR_TO_DATE('01-11-2019','%d-%m-%Y'),'CHI','DET');
Insert into schedule (GAME_DATE,HOME,AWAY) values (STR_TO_DATE('05-11-2019','%d-%m-%Y'),'CHI','LAL');
Insert into schedule (GAME_DATE,HOME,AWAY) values (STR_TO_DATE('09-11-2019','%d-%m-%Y'),'CHI','HOU');
Insert into schedule (GAME_DATE,HOME,AWAY) values (STR_TO_DATE('12-11-2019','%d-%m-%Y'),'CHI','NYK');
Insert into schedule (GAME_DATE,HOME,AWAY) values (STR_TO_DATE('16-11-2019','%d-%m-%Y'),'CHI','BKN');
Insert into schedule (GAME_DATE,HOME,AWAY) values (STR_TO_DATE('18-11-2019','%d-%m-%Y'),'CHI','MIL');
Insert into schedule (GAME_DATE,HOME,AWAY) values (STR_TO_DATE('20-11-2019','%d-%m-%Y'),'CHI','DET');
Insert into schedule (GAME_DATE,HOME,AWAY) values (STR_TO_DATE('22-11-2019','%d-%m-%Y'),'CHI','MIA');
Insert into schedule (GAME_DATE,HOME,AWAY) values (STR_TO_DATE('25-11-2019','%d-%m-%Y'),'CHI','POR');
Insert into schedule (GAME_DATE,HOME,AWAY) values (STR_TO_DATE('04-12-2019','%d-%m-%Y'),'CHI','MEM');
Insert into schedule (GAME_DATE,HOME,AWAY) values (STR_TO_DATE('06-12-2019','%d-%m-%Y'),'CHI','GSW');
Insert into schedule (GAME_DATE,HOME,AWAY) values (STR_TO_DATE('09-12-2019','%d-%m-%Y'),'CHI','TOR');
Insert into schedule (GAME_DATE,HOME,AWAY) values (STR_TO_DATE('11-12-2019','%d-%m-%Y'),'CHI','ATL');
Insert into schedule (GAME_DATE,HOME,AWAY) values (STR_TO_DATE('13-12-2019','%d-%m-%Y'),'CHI','CHA');
Insert into schedule (GAME_DATE,HOME,AWAY) values (STR_TO_DATE('14-12-2019','%d-%m-%Y'),'CHI','LAC');
Insert into schedule (GAME_DATE,HOME,AWAY) values (STR_TO_DATE('28-12-2019','%d-%m-%Y'),'CHI','ATL');
Insert into schedule (GAME_DATE,HOME,AWAY) values (STR_TO_DATE('30-12-2019','%d-%m-%Y'),'CHI','MIL');
Insert into schedule (GAME_DATE,HOME,AWAY) values (STR_TO_DATE('02-01-2020','%d-%m-%Y'),'CHI','UTH');
Insert into schedule (GAME_DATE,HOME,AWAY) values (STR_TO_DATE('04-01-2020','%d-%m-%Y'),'CHI','BOS');
Insert into schedule (GAME_DATE,HOME,AWAY) values (STR_TO_DATE('10-01-2020','%d-%m-%Y'),'CHI','IND');
Insert into schedule (GAME_DATE,HOME,AWAY) values (STR_TO_DATE('15-01-2020','%d-%m-%Y'),'CHI','WAS');
Insert into schedule (GAME_DATE,HOME,AWAY) values (STR_TO_DATE('18-01-2020','%d-%m-%Y'),'CHI','CLE');
Insert into schedule (GAME_DATE,HOME,AWAY) values (STR_TO_DATE('22-01-2020','%d-%m-%Y'),'CHI','MIN');
Insert into schedule (GAME_DATE,HOME,AWAY) values (STR_TO_DATE('24-01-2020','%d-%m-%Y'),'CHI','SAC');
Insert into schedule (GAME_DATE,HOME,AWAY) values (STR_TO_DATE('27-01-2020','%d-%m-%Y'),'CHI','SAS');
Insert into schedule (GAME_DATE,HOME,AWAY) values (STR_TO_DATE('06-02-2020','%d-%m-%Y'),'CHI','NOR');
Insert into schedule (GAME_DATE,HOME,AWAY) values (STR_TO_DATE('20-02-2020','%d-%m-%Y'),'CHI','CHA');
Insert into schedule (GAME_DATE,HOME,AWAY) values (STR_TO_DATE('22-02-2020','%d-%m-%Y'),'CHI','PHO');
Insert into schedule (GAME_DATE,HOME,AWAY) values (STR_TO_DATE('23-02-2020','%d-%m-%Y'),'CHI','WAS');
Insert into schedule (GAME_DATE,HOME,AWAY) values (STR_TO_DATE('25-02-2020','%d-%m-%Y'),'CHI','OKC');
Insert into schedule (GAME_DATE,HOME,AWAY) values (STR_TO_DATE('02-03-2020','%d-%m-%Y'),'CHI','DAL');
Insert into schedule (GAME_DATE,HOME,AWAY) values (STR_TO_DATE('06-03-2020','%d-%m-%Y'),'CHI','IND');
Insert into schedule (GAME_DATE,HOME,AWAY) values (STR_TO_DATE('10-03-2020','%d-%m-%Y'),'CHI','CLE');
Insert into schedule (GAME_DATE,HOME,AWAY) values (STR_TO_DATE('15-03-2020','%d-%m-%Y'),'CHI','BOS');
Insert into schedule (GAME_DATE,HOME,AWAY) values (STR_TO_DATE('18-03-2020','%d-%m-%Y'),'CHI','MIA');
Insert into schedule (GAME_DATE,HOME,AWAY) values (STR_TO_DATE('23-03-2020','%d-%m-%Y'),'CHI','DEN');
Insert into schedule (GAME_DATE,HOME,AWAY) values (STR_TO_DATE('26-03-2020','%d-%m-%Y'),'CHI','PHI');
Insert into schedule (GAME_DATE,HOME,AWAY) values (STR_TO_DATE('28-03-2020','%d-%m-%Y'),'CHI','NYK');
Insert into schedule (GAME_DATE,HOME,AWAY) values (STR_TO_DATE('11-04-2020','%d-%m-%Y'),'CHI','BKN');
Insert into schedule (GAME_DATE,HOME,AWAY) values (STR_TO_DATE('13-04-2020','%d-%m-%Y'),'CHI','ORL');
Insert into schedule (GAME_DATE,HOME,AWAY) values (STR_TO_DATE('26-10-2019','%d-%m-%Y'),'CLE','IND');
Insert into schedule (GAME_DATE,HOME,AWAY) values (STR_TO_DATE('30-10-2019','%d-%m-%Y'),'CLE','CHI');
Insert into schedule (GAME_DATE,HOME,AWAY) values (STR_TO_DATE('03-11-2019','%d-%m-%Y'),'CLE','DAL');
Insert into schedule (GAME_DATE,HOME,AWAY) values (STR_TO_DATE('05-11-2019','%d-%m-%Y'),'CLE','BOS');
Insert into schedule (GAME_DATE,HOME,AWAY) values (STR_TO_DATE('14-11-2019','%d-%m-%Y'),'CLE','MIA');
Insert into schedule (GAME_DATE,HOME,AWAY) values (STR_TO_DATE('17-11-2019','%d-%m-%Y'),'CLE','PHI');
Insert into schedule (GAME_DATE,HOME,AWAY) values (STR_TO_DATE('23-11-2019','%d-%m-%Y'),'CLE','POR');
Insert into schedule (GAME_DATE,HOME,AWAY) values (STR_TO_DATE('25-11-2019','%d-%m-%Y'),'CLE','BKN');
Insert into schedule (GAME_DATE,HOME,AWAY) values (STR_TO_DATE('27-11-2019','%d-%m-%Y'),'CLE','ORL');
Insert into schedule (GAME_DATE,HOME,AWAY) values (STR_TO_DATE('29-11-2019','%d-%m-%Y'),'CLE','MIL');
Insert into schedule (GAME_DATE,HOME,AWAY) values (STR_TO_DATE('03-12-2019','%d-%m-%Y'),'CLE','DET');
Insert into schedule (GAME_DATE,HOME,AWAY) values (STR_TO_DATE('06-12-2019','%d-%m-%Y'),'CLE','ORL');
Insert into schedule (GAME_DATE,HOME,AWAY) values (STR_TO_DATE('11-12-2019','%d-%m-%Y'),'CLE','HOU');
Insert into schedule (GAME_DATE,HOME,AWAY) values (STR_TO_DATE('18-12-2019','%d-%m-%Y'),'CLE','CHA');
Insert into schedule (GAME_DATE,HOME,AWAY) values (STR_TO_DATE('20-12-2019','%d-%m-%Y'),'CLE','MEM');
Insert into schedule (GAME_DATE,HOME,AWAY) values (STR_TO_DATE('23-12-2019','%d-%m-%Y'),'CLE','ATL');
Insert into schedule (GAME_DATE,HOME,AWAY) values (STR_TO_DATE('02-01-2020','%d-%m-%Y'),'CLE','CHA');
Insert into schedule (GAME_DATE,HOME,AWAY) values (STR_TO_DATE('04-01-2020','%d-%m-%Y'),'CLE','OKC');
Insert into schedule (GAME_DATE,HOME,AWAY) values (STR_TO_DATE('05-01-2020','%d-%m-%Y'),'CLE','MIN');
Insert into schedule (GAME_DATE,HOME,AWAY) values (STR_TO_DATE('07-01-2020','%d-%m-%Y'),'CLE','DET');
Insert into schedule (GAME_DATE,HOME,AWAY) values (STR_TO_DATE('20-01-2020','%d-%m-%Y'),'CLE','NYK');
Insert into schedule (GAME_DATE,HOME,AWAY) values (STR_TO_DATE('23-01-2020','%d-%m-%Y'),'CLE','WAS');
Insert into schedule (GAME_DATE,HOME,AWAY) values (STR_TO_DATE('25-01-2020','%d-%m-%Y'),'CLE','CHI');
Insert into schedule (GAME_DATE,HOME,AWAY) values (STR_TO_DATE('28-01-2020','%d-%m-%Y'),'CLE','NOR');
Insert into schedule (GAME_DATE,HOME,AWAY) values (STR_TO_DATE('30-01-2020','%d-%m-%Y'),'CLE','TOR');
Insert into schedule (GAME_DATE,HOME,AWAY) values (STR_TO_DATE('01-02-2020','%d-%m-%Y'),'CLE','GSW');
Insert into schedule (GAME_DATE,HOME,AWAY) values (STR_TO_DATE('03-02-2020','%d-%m-%Y'),'CLE','NYK');
Insert into schedule (GAME_DATE,HOME,AWAY) values (STR_TO_DATE('09-02-2020','%d-%m-%Y'),'CLE','LAC');
Insert into schedule (GAME_DATE,HOME,AWAY) values (STR_TO_DATE('12-02-2020','%d-%m-%Y'),'CLE','ATL');
Insert into schedule (GAME_DATE,HOME,AWAY) values (STR_TO_DATE('24-02-2020','%d-%m-%Y'),'CLE','MIA');
Insert into schedule (GAME_DATE,HOME,AWAY) values (STR_TO_DATE('26-02-2020','%d-%m-%Y'),'CLE','PHI');
Insert into schedule (GAME_DATE,HOME,AWAY) values (STR_TO_DATE('29-02-2020','%d-%m-%Y'),'CLE','IND');
Insert into schedule (GAME_DATE,HOME,AWAY) values (STR_TO_DATE('02-03-2020','%d-%m-%Y'),'CLE','UTH');
Insert into schedule (GAME_DATE,HOME,AWAY) values (STR_TO_DATE('04-03-2020','%d-%m-%Y'),'CLE','BOS');
Insert into schedule (GAME_DATE,HOME,AWAY) values (STR_TO_DATE('07-03-2020','%d-%m-%Y'),'CLE','DEN');
Insert into schedule (GAME_DATE,HOME,AWAY) values (STR_TO_DATE('08-03-2020','%d-%m-%Y'),'CLE','SAS');
Insert into schedule (GAME_DATE,HOME,AWAY) values (STR_TO_DATE('24-03-2020','%d-%m-%Y'),'CLE','SAC');
Insert into schedule (GAME_DATE,HOME,AWAY) values (STR_TO_DATE('26-03-2020','%d-%m-%Y'),'CLE','LAL');
Insert into schedule (GAME_DATE,HOME,AWAY) values (STR_TO_DATE('30-03-2020','%d-%m-%Y'),'CLE','PHO');
Insert into schedule (GAME_DATE,HOME,AWAY) values (STR_TO_DATE('11-04-2020','%d-%m-%Y'),'CLE','MIL');
Insert into schedule (GAME_DATE,HOME,AWAY) values (STR_TO_DATE('13-04-2020','%d-%m-%Y'),'CLE','BKN');
Insert into schedule (GAME_DATE,HOME,AWAY) values (STR_TO_DATE('23-10-2019','%d-%m-%Y'),'DAL','WAS');
Insert into schedule (GAME_DATE,HOME,AWAY) values (STR_TO_DATE('27-10-2019','%d-%m-%Y'),'DAL','POR');
Insert into schedule (GAME_DATE,HOME,AWAY) values (STR_TO_DATE('01-11-2019','%d-%m-%Y'),'DAL','LAL');
Insert into schedule (GAME_DATE,HOME,AWAY) values (STR_TO_DATE('06-11-2019','%d-%m-%Y'),'DAL','ORL');
Insert into schedule (GAME_DATE,HOME,AWAY) values (STR_TO_DATE('08-11-2019','%d-%m-%Y'),'DAL','NYK');
Insert into schedule (GAME_DATE,HOME,AWAY) values (STR_TO_DATE('16-11-2019','%d-%m-%Y'),'DAL','TOR');
Insert into schedule (GAME_DATE,HOME,AWAY) values (STR_TO_DATE('18-11-2019','%d-%m-%Y'),'DAL','SAS');
Insert into schedule (GAME_DATE,HOME,AWAY) values (STR_TO_DATE('20-11-2019','%d-%m-%Y'),'DAL','GSW');
Insert into schedule (GAME_DATE,HOME,AWAY) values (STR_TO_DATE('22-11-2019','%d-%m-%Y'),'DAL','CLE');
Insert into schedule (GAME_DATE,HOME,AWAY) values (STR_TO_DATE('26-11-2019','%d-%m-%Y'),'DAL','LAC');
Insert into schedule (GAME_DATE,HOME,AWAY) values (STR_TO_DATE('04-12-2019','%d-%m-%Y'),'DAL','MIN');
Insert into schedule (GAME_DATE,HOME,AWAY) values (STR_TO_DATE('07-12-2019','%d-%m-%Y'),'DAL','NOR');
Insert into schedule (GAME_DATE,HOME,AWAY) values (STR_TO_DATE('08-12-2019','%d-%m-%Y'),'DAL','SAC');
Insert into schedule (GAME_DATE,HOME,AWAY) values (STR_TO_DATE('14-12-2019','%d-%m-%Y'),'DAL','MIA');
Insert into schedule (GAME_DATE,HOME,AWAY) values (STR_TO_DATE('18-12-2019','%d-%m-%Y'),'DAL','BOS');
Insert into schedule (GAME_DATE,HOME,AWAY) values (STR_TO_DATE('26-12-2019','%d-%m-%Y'),'DAL','SAS');
Insert into schedule (GAME_DATE,HOME,AWAY) values (STR_TO_DATE('02-01-2020','%d-%m-%Y'),'DAL','BKN');
Insert into schedule (GAME_DATE,HOME,AWAY) values (STR_TO_DATE('04-01-2020','%d-%m-%Y'),'DAL','CHA');
Insert into schedule (GAME_DATE,HOME,AWAY) values (STR_TO_DATE('06-01-2020','%d-%m-%Y'),'DAL','CHI');
Insert into schedule (GAME_DATE,HOME,AWAY) values (STR_TO_DATE('08-01-2020','%d-%m-%Y'),'DAL','DEN');
Insert into schedule (GAME_DATE,HOME,AWAY) values (STR_TO_DATE('10-01-2020','%d-%m-%Y'),'DAL','LAL');
Insert into schedule (GAME_DATE,HOME,AWAY) values (STR_TO_DATE('11-01-2020','%d-%m-%Y'),'DAL','PHI');
Insert into schedule (GAME_DATE,HOME,AWAY) values (STR_TO_DATE('17-01-2020','%d-%m-%Y'),'DAL','POR');
Insert into schedule (GAME_DATE,HOME,AWAY) values (STR_TO_DATE('21-01-2020','%d-%m-%Y'),'DAL','LAC');
Insert into schedule (GAME_DATE,HOME,AWAY) values (STR_TO_DATE('28-01-2020','%d-%m-%Y'),'DAL','PHO');
Insert into schedule (GAME_DATE,HOME,AWAY) values (STR_TO_DATE('01-02-2020','%d-%m-%Y'),'DAL','ATL');
Insert into schedule (GAME_DATE,HOME,AWAY) values (STR_TO_DATE('05-02-2020','%d-%m-%Y'),'DAL','MEM');
Insert into schedule (GAME_DATE,HOME,AWAY) values (STR_TO_DATE('10-02-2020','%d-%m-%Y'),'DAL','UTH');
Insert into schedule (GAME_DATE,HOME,AWAY) values (STR_TO_DATE('12-02-2020','%d-%m-%Y'),'DAL','SAC');
Insert into schedule (GAME_DATE,HOME,AWAY) values (STR_TO_DATE('24-02-2020','%d-%m-%Y'),'DAL','MIN');
Insert into schedule (GAME_DATE,HOME,AWAY) values (STR_TO_DATE('04-03-2020','%d-%m-%Y'),'DAL','NOR');
Insert into schedule (GAME_DATE,HOME,AWAY) values (STR_TO_DATE('06-03-2020','%d-%m-%Y'),'DAL','MEM');
Insert into schedule (GAME_DATE,HOME,AWAY) values (STR_TO_DATE('08-03-2020','%d-%m-%Y'),'DAL','IND');
Insert into schedule (GAME_DATE,HOME,AWAY) values (STR_TO_DATE('11-03-2020','%d-%m-%Y'),'DAL','DEN');
Insert into schedule (GAME_DATE,HOME,AWAY) values (STR_TO_DATE('14-03-2020','%d-%m-%Y'),'DAL','PHO');
Insert into schedule (GAME_DATE,HOME,AWAY) values (STR_TO_DATE('23-03-2020','%d-%m-%Y'),'DAL','HOU');
Insert into schedule (GAME_DATE,HOME,AWAY) values (STR_TO_DATE('26-03-2020','%d-%m-%Y'),'DAL','UTH');
Insert into schedule (GAME_DATE,HOME,AWAY) values (STR_TO_DATE('29-03-2020','%d-%m-%Y'),'DAL','MIL');
Insert into schedule (GAME_DATE,HOME,AWAY) values (STR_TO_DATE('07-04-2020','%d-%m-%Y'),'DAL','HOU');
Insert into schedule (GAME_DATE,HOME,AWAY) values (STR_TO_DATE('11-04-2020','%d-%m-%Y'),'DAL','DET');
Insert into schedule (GAME_DATE,HOME,AWAY) values (STR_TO_DATE('15-04-2020','%d-%m-%Y'),'DAL','OKC');
Insert into schedule (GAME_DATE,HOME,AWAY) values (STR_TO_DATE('25-10-2019','%d-%m-%Y'),'DEN','PHO');
Insert into schedule (GAME_DATE,HOME,AWAY) values (STR_TO_DATE('29-10-2019','%d-%m-%Y'),'DEN','DAL');
Insert into schedule (GAME_DATE,HOME,AWAY) values (STR_TO_DATE('05-11-2019','%d-%m-%Y'),'DEN','MIA');
Insert into schedule (GAME_DATE,HOME,AWAY) values (STR_TO_DATE('08-11-2019','%d-%m-%Y'),'DEN','PHI');
Insert into schedule (GAME_DATE,HOME,AWAY) values (STR_TO_DATE('12-11-2019','%d-%m-%Y'),'DEN','ATL');
Insert into schedule (GAME_DATE,HOME,AWAY) values (STR_TO_DATE('14-11-2019','%d-%m-%Y'),'DEN','BKN');
Insert into schedule (GAME_DATE,HOME,AWAY) values (STR_TO_DATE('20-11-2019','%d-%m-%Y'),'DEN','HOU');
Insert into schedule (GAME_DATE,HOME,AWAY) values (STR_TO_DATE('22-11-2019','%d-%m-%Y'),'DEN','BOS');
Insert into schedule (GAME_DATE,HOME,AWAY) values (STR_TO_DATE('24-11-2019','%d-%m-%Y'),'DEN','PHO');
Insert into schedule (GAME_DATE,HOME,AWAY) values (STR_TO_DATE('26-11-2019','%d-%m-%Y'),'DEN','WAS');
Insert into schedule (GAME_DATE,HOME,AWAY) values (STR_TO_DATE('03-12-2019','%d-%m-%Y'),'DEN','LAL');
Insert into schedule (GAME_DATE,HOME,AWAY) values (STR_TO_DATE('12-12-2019','%d-%m-%Y'),'DEN','POR');
Insert into schedule (GAME_DATE,HOME,AWAY) values (STR_TO_DATE('14-12-2019','%d-%m-%Y'),'DEN','OKC');
Insert into schedule (GAME_DATE,HOME,AWAY) values (STR_TO_DATE('15-12-2019','%d-%m-%Y'),'DEN','NYK');
Insert into schedule (GAME_DATE,HOME,AWAY) values (STR_TO_DATE('18-12-2019','%d-%m-%Y'),'DEN','ORL');
Insert into schedule (GAME_DATE,HOME,AWAY) values (STR_TO_DATE('20-12-2019','%d-%m-%Y'),'DEN','MIN');
Insert into schedule (GAME_DATE,HOME,AWAY) values (STR_TO_DATE('25-12-2019','%d-%m-%Y'),'DEN','NOR');
Insert into schedule (GAME_DATE,HOME,AWAY) values (STR_TO_DATE('28-12-2019','%d-%m-%Y'),'DEN','MEM');
Insert into schedule (GAME_DATE,HOME,AWAY) values (STR_TO_DATE('29-12-2019','%d-%m-%Y'),'DEN','SAC');
Insert into schedule (GAME_DATE,HOME,AWAY) values (STR_TO_DATE('11-01-2020','%d-%m-%Y'),'DEN','CLE');
Insert into schedule (GAME_DATE,HOME,AWAY) values (STR_TO_DATE('12-01-2020','%d-%m-%Y'),'DEN','LAC');
Insert into schedule (GAME_DATE,HOME,AWAY) values (STR_TO_DATE('15-01-2020','%d-%m-%Y'),'DEN','CHA');
Insert into schedule (GAME_DATE,HOME,AWAY) values (STR_TO_DATE('19-01-2020','%d-%m-%Y'),'DEN','IND');
Insert into schedule (GAME_DATE,HOME,AWAY) values (STR_TO_DATE('26-01-2020','%d-%m-%Y'),'DEN','HOU');
Insert into schedule (GAME_DATE,HOME,AWAY) values (STR_TO_DATE('30-01-2020','%d-%m-%Y'),'DEN','UTH');
Insert into schedule (GAME_DATE,HOME,AWAY) values (STR_TO_DATE('04-02-2020','%d-%m-%Y'),'DEN','POR');
Insert into schedule (GAME_DATE,HOME,AWAY) values (STR_TO_DATE('10-02-2020','%d-%m-%Y'),'DEN','SAS');
Insert into schedule (GAME_DATE,HOME,AWAY) values (STR_TO_DATE('12-02-2020','%d-%m-%Y'),'DEN','LAL');
Insert into schedule (GAME_DATE,HOME,AWAY) values (STR_TO_DATE('23-02-2020','%d-%m-%Y'),'DEN','MIN');
Insert into schedule (GAME_DATE,HOME,AWAY) values (STR_TO_DATE('25-02-2020','%d-%m-%Y'),'DEN','DET');
Insert into schedule (GAME_DATE,HOME,AWAY) values (STR_TO_DATE('01-03-2020','%d-%m-%Y'),'DEN','TOR');
Insert into schedule (GAME_DATE,HOME,AWAY) values (STR_TO_DATE('03-03-2020','%d-%m-%Y'),'DEN','GSW');
Insert into schedule (GAME_DATE,HOME,AWAY) values (STR_TO_DATE('09-03-2020','%d-%m-%Y'),'DEN','MIL');
Insert into schedule (GAME_DATE,HOME,AWAY) values (STR_TO_DATE('18-03-2020','%d-%m-%Y'),'DEN','LAC');
Insert into schedule (GAME_DATE,HOME,AWAY) values (STR_TO_DATE('27-03-2020','%d-%m-%Y'),'DEN','SAS');
Insert into schedule (GAME_DATE,HOME,AWAY) values (STR_TO_DATE('30-03-2020','%d-%m-%Y'),'DEN','OKC');
Insert into schedule (GAME_DATE,HOME,AWAY) values (STR_TO_DATE('03-04-2020','%d-%m-%Y'),'DEN','CHI');
Insert into schedule (GAME_DATE,HOME,AWAY) values (STR_TO_DATE('05-04-2020','%d-%m-%Y'),'DEN','UTH');
Insert into schedule (GAME_DATE,HOME,AWAY) values (STR_TO_DATE('07-04-2020','%d-%m-%Y'),'DEN','MEM');
Insert into schedule (GAME_DATE,HOME,AWAY) values (STR_TO_DATE('11-04-2020','%d-%m-%Y'),'DEN','SAC');
Insert into schedule (GAME_DATE,HOME,AWAY) values (STR_TO_DATE('13-04-2020','%d-%m-%Y'),'DEN','DAL');
Insert into schedule (GAME_DATE,HOME,AWAY) values (STR_TO_DATE('24-10-2019','%d-%m-%Y'),'DET','ATL');
Insert into schedule (GAME_DATE,HOME,AWAY) values (STR_TO_DATE('26-10-2019','%d-%m-%Y'),'DET','PHI');
Insert into schedule (GAME_DATE,HOME,AWAY) values (STR_TO_DATE('28-10-2019','%d-%m-%Y'),'DET','IND');
Insert into schedule (GAME_DATE,HOME,AWAY) values (STR_TO_DATE('02-11-2019','%d-%m-%Y'),'DET','BKN');
Insert into schedule (GAME_DATE,HOME,AWAY) values (STR_TO_DATE('06-11-2019','%d-%m-%Y'),'DET','NYK');
Insert into schedule (GAME_DATE,HOME,AWAY) values (STR_TO_DATE('11-11-2019','%d-%m-%Y'),'DET','MIN');
Insert into schedule (GAME_DATE,HOME,AWAY) values (STR_TO_DATE('22-11-2019','%d-%m-%Y'),'DET','ATL');
Insert into schedule (GAME_DATE,HOME,AWAY) values (STR_TO_DATE('25-11-2019','%d-%m-%Y'),'DET','ORL');
Insert into schedule (GAME_DATE,HOME,AWAY) values (STR_TO_DATE('29-11-2019','%d-%m-%Y'),'DET','CHA');
Insert into schedule (GAME_DATE,HOME,AWAY) values (STR_TO_DATE('01-12-2019','%d-%m-%Y'),'DET','SAS');
Insert into schedule (GAME_DATE,HOME,AWAY) values (STR_TO_DATE('04-12-2019','%d-%m-%Y'),'DET','MIL');
Insert into schedule (GAME_DATE,HOME,AWAY) values (STR_TO_DATE('06-12-2019','%d-%m-%Y'),'DET','IND');
Insert into schedule (GAME_DATE,HOME,AWAY) values (STR_TO_DATE('12-12-2019','%d-%m-%Y'),'DET','DAL');
Insert into schedule (GAME_DATE,HOME,AWAY) values (STR_TO_DATE('16-12-2019','%d-%m-%Y'),'DET','WAS');
Insert into schedule (GAME_DATE,HOME,AWAY) values (STR_TO_DATE('18-12-2019','%d-%m-%Y'),'DET','TOR');
Insert into schedule (GAME_DATE,HOME,AWAY) values (STR_TO_DATE('21-12-2019','%d-%m-%Y'),'DET','CHI');
Insert into schedule (GAME_DATE,HOME,AWAY) values (STR_TO_DATE('23-12-2019','%d-%m-%Y'),'DET','PHI');
Insert into schedule (GAME_DATE,HOME,AWAY) values (STR_TO_DATE('26-12-2019','%d-%m-%Y'),'DET','WAS');
Insert into schedule (GAME_DATE,HOME,AWAY) values (STR_TO_DATE('09-01-2020','%d-%m-%Y'),'DET','CLE');
Insert into schedule (GAME_DATE,HOME,AWAY) values (STR_TO_DATE('11-01-2020','%d-%m-%Y'),'DET','CHI');
Insert into schedule (GAME_DATE,HOME,AWAY) values (STR_TO_DATE('13-01-2020','%d-%m-%Y'),'DET','NOR');
Insert into schedule (GAME_DATE,HOME,AWAY) values (STR_TO_DATE('22-01-2020','%d-%m-%Y'),'DET','SAC');
Insert into schedule (GAME_DATE,HOME,AWAY) values (STR_TO_DATE('24-01-2020','%d-%m-%Y'),'DET','MEM');
Insert into schedule (GAME_DATE,HOME,AWAY) values (STR_TO_DATE('25-01-2020','%d-%m-%Y'),'DET','BKN');
Insert into schedule (GAME_DATE,HOME,AWAY) values (STR_TO_DATE('27-01-2020','%d-%m-%Y'),'DET','CLE');
Insert into schedule (GAME_DATE,HOME,AWAY) values (STR_TO_DATE('31-01-2020','%d-%m-%Y'),'DET','TOR');
Insert into schedule (GAME_DATE,HOME,AWAY) values (STR_TO_DATE('02-02-2020','%d-%m-%Y'),'DET','DEN');
Insert into schedule (GAME_DATE,HOME,AWAY) values (STR_TO_DATE('05-02-2020','%d-%m-%Y'),'DET','PHO');
Insert into schedule (GAME_DATE,HOME,AWAY) values (STR_TO_DATE('08-02-2020','%d-%m-%Y'),'DET','NYK');
Insert into schedule (GAME_DATE,HOME,AWAY) values (STR_TO_DATE('10-02-2020','%d-%m-%Y'),'DET','CHA');
Insert into schedule (GAME_DATE,HOME,AWAY) values (STR_TO_DATE('20-02-2020','%d-%m-%Y'),'DET','MIL');
Insert into schedule (GAME_DATE,HOME,AWAY) values (STR_TO_DATE('04-03-2020','%d-%m-%Y'),'DET','OKC');
Insert into schedule (GAME_DATE,HOME,AWAY) values (STR_TO_DATE('07-03-2020','%d-%m-%Y'),'DET','UTH');
Insert into schedule (GAME_DATE,HOME,AWAY) values (STR_TO_DATE('17-03-2020','%d-%m-%Y'),'DET','ORL');
Insert into schedule (GAME_DATE,HOME,AWAY) values (STR_TO_DATE('20-03-2020','%d-%m-%Y'),'DET','GSW');
Insert into schedule (GAME_DATE,HOME,AWAY) values (STR_TO_DATE('22-03-2020','%d-%m-%Y'),'DET','LAL');
Insert into schedule (GAME_DATE,HOME,AWAY) values (STR_TO_DATE('25-03-2020','%d-%m-%Y'),'DET','POR');
Insert into schedule (GAME_DATE,HOME,AWAY) values (STR_TO_DATE('27-03-2020','%d-%m-%Y'),'DET','LAC');
Insert into schedule (GAME_DATE,HOME,AWAY) values (STR_TO_DATE('29-03-2020','%d-%m-%Y'),'DET','HOU');
Insert into schedule (GAME_DATE,HOME,AWAY) values (STR_TO_DATE('03-04-2020','%d-%m-%Y'),'DET','MIA');
Insert into schedule (GAME_DATE,HOME,AWAY) values (STR_TO_DATE('13-04-2020','%d-%m-%Y'),'DET','BOS');
Insert into schedule (GAME_DATE,HOME,AWAY) values (STR_TO_DATE('24-10-2019','%d-%m-%Y'),'GSW','LAC');
Insert into schedule (GAME_DATE,HOME,AWAY) values (STR_TO_DATE('30-10-2019','%d-%m-%Y'),'GSW','PHO');
Insert into schedule (GAME_DATE,HOME,AWAY) values (STR_TO_DATE('01-11-2019','%d-%m-%Y'),'GSW','SAS');
Insert into schedule (GAME_DATE,HOME,AWAY) values (STR_TO_DATE('02-11-2019','%d-%m-%Y'),'GSW','CHA');
Insert into schedule (GAME_DATE,HOME,AWAY) values (STR_TO_DATE('04-11-2019','%d-%m-%Y'),'GSW','POR');
Insert into schedule (GAME_DATE,HOME,AWAY) values (STR_TO_DATE('11-11-2019','%d-%m-%Y'),'GSW','UTH');
Insert into schedule (GAME_DATE,HOME,AWAY) values (STR_TO_DATE('15-11-2019','%d-%m-%Y'),'GSW','BOS');
Insert into schedule (GAME_DATE,HOME,AWAY) values (STR_TO_DATE('25-11-2019','%d-%m-%Y'),'GSW','OKC');
Insert into schedule (GAME_DATE,HOME,AWAY) values (STR_TO_DATE('27-11-2019','%d-%m-%Y'),'GSW','CHI');
Insert into schedule (GAME_DATE,HOME,AWAY) values (STR_TO_DATE('09-12-2019','%d-%m-%Y'),'GSW','MEM');
Insert into schedule (GAME_DATE,HOME,AWAY) values (STR_TO_DATE('11-12-2019','%d-%m-%Y'),'GSW','NYK');
Insert into schedule (GAME_DATE,HOME,AWAY) values (STR_TO_DATE('15-12-2019','%d-%m-%Y'),'GSW','SAC');
Insert into schedule (GAME_DATE,HOME,AWAY) values (STR_TO_DATE('20-12-2019','%d-%m-%Y'),'GSW','NOR');
Insert into schedule (GAME_DATE,HOME,AWAY) values (STR_TO_DATE('23-12-2019','%d-%m-%Y'),'GSW','MIN');
Insert into schedule (GAME_DATE,HOME,AWAY) values (STR_TO_DATE('25-12-2019','%d-%m-%Y'),'GSW','HOU');
Insert into schedule (GAME_DATE,HOME,AWAY) values (STR_TO_DATE('27-12-2019','%d-%m-%Y'),'GSW','PHO');
Insert into schedule (GAME_DATE,HOME,AWAY) values (STR_TO_DATE('28-12-2019','%d-%m-%Y'),'GSW','DAL');
Insert into schedule (GAME_DATE,HOME,AWAY) values (STR_TO_DATE('04-01-2020','%d-%m-%Y'),'GSW','DET');
Insert into schedule (GAME_DATE,HOME,AWAY) values (STR_TO_DATE('08-01-2020','%d-%m-%Y'),'GSW','MIL');
Insert into schedule (GAME_DATE,HOME,AWAY) values (STR_TO_DATE('14-01-2020','%d-%m-%Y'),'GSW','DAL');
Insert into schedule (GAME_DATE,HOME,AWAY) values (STR_TO_DATE('16-01-2020','%d-%m-%Y'),'GSW','DEN');
Insert into schedule (GAME_DATE,HOME,AWAY) values (STR_TO_DATE('18-01-2020','%d-%m-%Y'),'GSW','ORL');
Insert into schedule (GAME_DATE,HOME,AWAY) values (STR_TO_DATE('22-01-2020','%d-%m-%Y'),'GSW','UTH');
Insert into schedule (GAME_DATE,HOME,AWAY) values (STR_TO_DATE('24-01-2020','%d-%m-%Y'),'GSW','IND');
Insert into schedule (GAME_DATE,HOME,AWAY) values (STR_TO_DATE('08-02-2020','%d-%m-%Y'),'GSW','LAL');
Insert into schedule (GAME_DATE,HOME,AWAY) values (STR_TO_DATE('10-02-2020','%d-%m-%Y'),'GSW','MIA');
Insert into schedule (GAME_DATE,HOME,AWAY) values (STR_TO_DATE('20-02-2020','%d-%m-%Y'),'GSW','HOU');
Insert into schedule (GAME_DATE,HOME,AWAY) values (STR_TO_DATE('23-02-2020','%d-%m-%Y'),'GSW','NOR');
Insert into schedule (GAME_DATE,HOME,AWAY) values (STR_TO_DATE('25-02-2020','%d-%m-%Y'),'GSW','SAC');
Insert into schedule (GAME_DATE,HOME,AWAY) values (STR_TO_DATE('27-02-2020','%d-%m-%Y'),'GSW','LAL');
Insert into schedule (GAME_DATE,HOME,AWAY) values (STR_TO_DATE('01-03-2020','%d-%m-%Y'),'GSW','WAS');
Insert into schedule (GAME_DATE,HOME,AWAY) values (STR_TO_DATE('05-03-2020','%d-%m-%Y'),'GSW','TOR');
Insert into schedule (GAME_DATE,HOME,AWAY) values (STR_TO_DATE('07-03-2020','%d-%m-%Y'),'GSW','PHI');
Insert into schedule (GAME_DATE,HOME,AWAY) values (STR_TO_DATE('10-03-2020','%d-%m-%Y'),'GSW','LAC');
Insert into schedule (GAME_DATE,HOME,AWAY) values (STR_TO_DATE('12-03-2020','%d-%m-%Y'),'GSW','BKN');
Insert into schedule (GAME_DATE,HOME,AWAY) values (STR_TO_DATE('25-03-2020','%d-%m-%Y'),'GSW','ATL');
Insert into schedule (GAME_DATE,HOME,AWAY) values (STR_TO_DATE('28-03-2020','%d-%m-%Y'),'GSW','OKC');
Insert into schedule (GAME_DATE,HOME,AWAY) values (STR_TO_DATE('29-03-2020','%d-%m-%Y'),'GSW','SAS');
Insert into schedule (GAME_DATE,HOME,AWAY) values (STR_TO_DATE('31-03-2020','%d-%m-%Y'),'GSW','DEN');
Insert into schedule (GAME_DATE,HOME,AWAY) values (STR_TO_DATE('08-04-2020','%d-%m-%Y'),'GSW','CLE');
Insert into schedule (GAME_DATE,HOME,AWAY) values (STR_TO_DATE('13-04-2020','%d-%m-%Y'),'GSW','POR');
Insert into schedule (GAME_DATE,HOME,AWAY) values (STR_TO_DATE('24-10-2019','%d-%m-%Y'),'HOU','MIL');
Insert into schedule (GAME_DATE,HOME,AWAY) values (STR_TO_DATE('26-10-2019','%d-%m-%Y'),'HOU','NOR');
Insert into schedule (GAME_DATE,HOME,AWAY) values (STR_TO_DATE('28-10-2019','%d-%m-%Y'),'HOU','OKC');
Insert into schedule (GAME_DATE,HOME,AWAY) values (STR_TO_DATE('06-11-2019','%d-%m-%Y'),'HOU','GSW');
Insert into schedule (GAME_DATE,HOME,AWAY) values (STR_TO_DATE('13-11-2019','%d-%m-%Y'),'HOU','LAC');
Insert into schedule (GAME_DATE,HOME,AWAY) values (STR_TO_DATE('15-11-2019','%d-%m-%Y'),'HOU','IND');
Insert into schedule (GAME_DATE,HOME,AWAY) values (STR_TO_DATE('18-11-2019','%d-%m-%Y'),'HOU','POR');
Insert into schedule (GAME_DATE,HOME,AWAY) values (STR_TO_DATE('24-11-2019','%d-%m-%Y'),'HOU','DAL');
Insert into schedule (GAME_DATE,HOME,AWAY) values (STR_TO_DATE('27-11-2019','%d-%m-%Y'),'HOU','MIA');
Insert into schedule (GAME_DATE,HOME,AWAY) values (STR_TO_DATE('30-11-2019','%d-%m-%Y'),'HOU','ATL');
Insert into schedule (GAME_DATE,HOME,AWAY) values (STR_TO_DATE('07-12-2019','%d-%m-%Y'),'HOU','PHO');
Insert into schedule (GAME_DATE,HOME,AWAY) values (STR_TO_DATE('09-12-2019','%d-%m-%Y'),'HOU','SAC');
Insert into schedule (GAME_DATE,HOME,AWAY) values (STR_TO_DATE('14-12-2019','%d-%m-%Y'),'HOU','DET');
Insert into schedule (GAME_DATE,HOME,AWAY) values (STR_TO_DATE('16-12-2019','%d-%m-%Y'),'HOU','SAS');
Insert into schedule (GAME_DATE,HOME,AWAY) values (STR_TO_DATE('28-12-2019','%d-%m-%Y'),'HOU','BKN');
Insert into schedule (GAME_DATE,HOME,AWAY) values (STR_TO_DATE('31-12-2019','%d-%m-%Y'),'HOU','DEN');
Insert into schedule (GAME_DATE,HOME,AWAY) values (STR_TO_DATE('03-01-2020','%d-%m-%Y'),'HOU','PHI');
Insert into schedule (GAME_DATE,HOME,AWAY) values (STR_TO_DATE('11-01-2020','%d-%m-%Y'),'HOU','MIN');
Insert into schedule (GAME_DATE,HOME,AWAY) values (STR_TO_DATE('15-01-2020','%d-%m-%Y'),'HOU','POR');
Insert into schedule (GAME_DATE,HOME,AWAY) values (STR_TO_DATE('18-01-2020','%d-%m-%Y'),'HOU','LAL');
Insert into schedule (GAME_DATE,HOME,AWAY) values (STR_TO_DATE('20-01-2020','%d-%m-%Y'),'HOU','OKC');
Insert into schedule (GAME_DATE,HOME,AWAY) values (STR_TO_DATE('22-01-2020','%d-%m-%Y'),'HOU','DEN');
Insert into schedule (GAME_DATE,HOME,AWAY) values (STR_TO_DATE('31-01-2020','%d-%m-%Y'),'HOU','DAL');
Insert into schedule (GAME_DATE,HOME,AWAY) values (STR_TO_DATE('02-02-2020','%d-%m-%Y'),'HOU','NOR');
Insert into schedule (GAME_DATE,HOME,AWAY) values (STR_TO_DATE('04-02-2020','%d-%m-%Y'),'HOU','CHA');
Insert into schedule (GAME_DATE,HOME,AWAY) values (STR_TO_DATE('09-02-2020','%d-%m-%Y'),'HOU','UTH');
Insert into schedule (GAME_DATE,HOME,AWAY) values (STR_TO_DATE('11-02-2020','%d-%m-%Y'),'HOU','BOS');
Insert into schedule (GAME_DATE,HOME,AWAY) values (STR_TO_DATE('24-02-2020','%d-%m-%Y'),'HOU','NYK');
Insert into schedule (GAME_DATE,HOME,AWAY) values (STR_TO_DATE('26-02-2020','%d-%m-%Y'),'HOU','MEM');
Insert into schedule (GAME_DATE,HOME,AWAY) values (STR_TO_DATE('05-03-2020','%d-%m-%Y'),'HOU','LAC');
Insert into schedule (GAME_DATE,HOME,AWAY) values (STR_TO_DATE('08-03-2020','%d-%m-%Y'),'HOU','ORL');
Insert into schedule (GAME_DATE,HOME,AWAY) values (STR_TO_DATE('10-03-2020','%d-%m-%Y'),'HOU','MIN');
Insert into schedule (GAME_DATE,HOME,AWAY) values (STR_TO_DATE('17-03-2020','%d-%m-%Y'),'HOU','CLE');
Insert into schedule (GAME_DATE,HOME,AWAY) values (STR_TO_DATE('19-03-2020','%d-%m-%Y'),'HOU','SAC');
Insert into schedule (GAME_DATE,HOME,AWAY) values (STR_TO_DATE('21-03-2020','%d-%m-%Y'),'HOU','CHI');
Insert into schedule (GAME_DATE,HOME,AWAY) values (STR_TO_DATE('02-04-2020','%d-%m-%Y'),'HOU','GSW');
Insert into schedule (GAME_DATE,HOME,AWAY) values (STR_TO_DATE('05-04-2020','%d-%m-%Y'),'HOU','TOR');
Insert into schedule (GAME_DATE,HOME,AWAY) values (STR_TO_DATE('08-04-2020','%d-%m-%Y'),'HOU','SAS');
Insert into schedule (GAME_DATE,HOME,AWAY) values (STR_TO_DATE('10-04-2020','%d-%m-%Y'),'HOU','WAS');
Insert into schedule (GAME_DATE,HOME,AWAY) values (STR_TO_DATE('13-04-2020','%d-%m-%Y'),'HOU','PHO');
Insert into schedule (GAME_DATE,HOME,AWAY) values (STR_TO_DATE('15-04-2020','%d-%m-%Y'),'HOU','MEM');
Insert into schedule (GAME_DATE,HOME,AWAY) values (STR_TO_DATE('23-10-2019','%d-%m-%Y'),'IND','DET');
Insert into schedule (GAME_DATE,HOME,AWAY) values (STR_TO_DATE('01-11-2019','%d-%m-%Y'),'IND','CLE');
Insert into schedule (GAME_DATE,HOME,AWAY) values (STR_TO_DATE('03-11-2019','%d-%m-%Y'),'IND','CHI');
Insert into schedule (GAME_DATE,HOME,AWAY) values (STR_TO_DATE('06-11-2019','%d-%m-%Y'),'IND','WAS');
Insert into schedule (GAME_DATE,HOME,AWAY) values (STR_TO_DATE('08-11-2019','%d-%m-%Y'),'IND','DET');
Insert into schedule (GAME_DATE,HOME,AWAY) values (STR_TO_DATE('12-11-2019','%d-%m-%Y'),'IND','OKC');
Insert into schedule (GAME_DATE,HOME,AWAY) values (STR_TO_DATE('16-11-2019','%d-%m-%Y'),'IND','MIL');
Insert into schedule (GAME_DATE,HOME,AWAY) values (STR_TO_DATE('23-11-2019','%d-%m-%Y'),'IND','ORL');
Insert into schedule (GAME_DATE,HOME,AWAY) values (STR_TO_DATE('25-11-2019','%d-%m-%Y'),'IND','MEM');
Insert into schedule (GAME_DATE,HOME,AWAY) values (STR_TO_DATE('27-11-2019','%d-%m-%Y'),'IND','UTH');
Insert into schedule (GAME_DATE,HOME,AWAY) values (STR_TO_DATE('29-11-2019','%d-%m-%Y'),'IND','ATL');
Insert into schedule (GAME_DATE,HOME,AWAY) values (STR_TO_DATE('09-12-2019','%d-%m-%Y'),'IND','LAC');
Insert into schedule (GAME_DATE,HOME,AWAY) values (STR_TO_DATE('11-12-2019','%d-%m-%Y'),'IND','BOS');
Insert into schedule (GAME_DATE,HOME,AWAY) values (STR_TO_DATE('15-12-2019','%d-%m-%Y'),'IND','CHA');
Insert into schedule (GAME_DATE,HOME,AWAY) values (STR_TO_DATE('17-12-2019','%d-%m-%Y'),'IND','LAL');
Insert into schedule (GAME_DATE,HOME,AWAY) values (STR_TO_DATE('20-12-2019','%d-%m-%Y'),'IND','SAC');
Insert into schedule (GAME_DATE,HOME,AWAY) values (STR_TO_DATE('23-12-2019','%d-%m-%Y'),'IND','TOR');
Insert into schedule (GAME_DATE,HOME,AWAY) values (STR_TO_DATE('31-12-2019','%d-%m-%Y'),'IND','PHI');
Insert into schedule (GAME_DATE,HOME,AWAY) values (STR_TO_DATE('02-01-2020','%d-%m-%Y'),'IND','DEN');
Insert into schedule (GAME_DATE,HOME,AWAY) values (STR_TO_DATE('08-01-2020','%d-%m-%Y'),'IND','MIA');
Insert into schedule (GAME_DATE,HOME,AWAY) values (STR_TO_DATE('13-01-2020','%d-%m-%Y'),'IND','PHI');
Insert into schedule (GAME_DATE,HOME,AWAY) values (STR_TO_DATE('17-01-2020','%d-%m-%Y'),'IND','MIN');
Insert into schedule (GAME_DATE,HOME,AWAY) values (STR_TO_DATE('29-01-2020','%d-%m-%Y'),'IND','CHI');
Insert into schedule (GAME_DATE,HOME,AWAY) values (STR_TO_DATE('01-02-2020','%d-%m-%Y'),'IND','NYK');
Insert into schedule (GAME_DATE,HOME,AWAY) values (STR_TO_DATE('03-02-2020','%d-%m-%Y'),'IND','DAL');
Insert into schedule (GAME_DATE,HOME,AWAY) values (STR_TO_DATE('07-02-2020','%d-%m-%Y'),'IND','TOR');
Insert into schedule (GAME_DATE,HOME,AWAY) values (STR_TO_DATE('08-02-2020','%d-%m-%Y'),'IND','NOR');
Insert into schedule (GAME_DATE,HOME,AWAY) values (STR_TO_DATE('10-02-2020','%d-%m-%Y'),'IND','BKN');
Insert into schedule (GAME_DATE,HOME,AWAY) values (STR_TO_DATE('12-02-2020','%d-%m-%Y'),'IND','MIL');
Insert into schedule (GAME_DATE,HOME,AWAY) values (STR_TO_DATE('25-02-2020','%d-%m-%Y'),'IND','CHA');
Insert into schedule (GAME_DATE,HOME,AWAY) values (STR_TO_DATE('27-02-2020','%d-%m-%Y'),'IND','POR');
Insert into schedule (GAME_DATE,HOME,AWAY) values (STR_TO_DATE('10-03-2020','%d-%m-%Y'),'IND','BOS');
Insert into schedule (GAME_DATE,HOME,AWAY) values (STR_TO_DATE('18-03-2020','%d-%m-%Y'),'IND','GSW');
Insert into schedule (GAME_DATE,HOME,AWAY) values (STR_TO_DATE('20-03-2020','%d-%m-%Y'),'IND','MIA');
Insert into schedule (GAME_DATE,HOME,AWAY) values (STR_TO_DATE('21-03-2020','%d-%m-%Y'),'IND','CLE');
Insert into schedule (GAME_DATE,HOME,AWAY) values (STR_TO_DATE('23-03-2020','%d-%m-%Y'),'IND','PHO');
Insert into schedule (GAME_DATE,HOME,AWAY) values (STR_TO_DATE('27-03-2020','%d-%m-%Y'),'IND','HOU');
Insert into schedule (GAME_DATE,HOME,AWAY) values (STR_TO_DATE('03-04-2020','%d-%m-%Y'),'IND','BKN');
Insert into schedule (GAME_DATE,HOME,AWAY) values (STR_TO_DATE('05-04-2020','%d-%m-%Y'),'IND','WAS');
Insert into schedule (GAME_DATE,HOME,AWAY) values (STR_TO_DATE('11-04-2020','%d-%m-%Y'),'IND','ORL');
Insert into schedule (GAME_DATE,HOME,AWAY) values (STR_TO_DATE('13-04-2020','%d-%m-%Y'),'IND','SAS');
Insert into schedule (GAME_DATE,HOME,AWAY) values (STR_TO_DATE('22-10-2019','%d-%m-%Y'),'LAC','LAL');
Insert into schedule (GAME_DATE,HOME,AWAY) values (STR_TO_DATE('28-10-2019','%d-%m-%Y'),'LAC','CHA');
Insert into schedule (GAME_DATE,HOME,AWAY) values (STR_TO_DATE('31-10-2019','%d-%m-%Y'),'LAC','SAS');
Insert into schedule (GAME_DATE,HOME,AWAY) values (STR_TO_DATE('03-11-2019','%d-%m-%Y'),'LAC','UTH');
Insert into schedule (GAME_DATE,HOME,AWAY) values (STR_TO_DATE('06-11-2019','%d-%m-%Y'),'LAC','MIL');
Insert into schedule (GAME_DATE,HOME,AWAY) values (STR_TO_DATE('07-11-2019','%d-%m-%Y'),'LAC','POR');
Insert into schedule (GAME_DATE,HOME,AWAY) values (STR_TO_DATE('11-11-2019','%d-%m-%Y'),'LAC','TOR');
Insert into schedule (GAME_DATE,HOME,AWAY) values (STR_TO_DATE('16-11-2019','%d-%m-%Y'),'LAC','ATL');
Insert into schedule (GAME_DATE,HOME,AWAY) values (STR_TO_DATE('18-11-2019','%d-%m-%Y'),'LAC','OKC');
Insert into schedule (GAME_DATE,HOME,AWAY) values (STR_TO_DATE('20-11-2019','%d-%m-%Y'),'LAC','BOS');
Insert into schedule (GAME_DATE,HOME,AWAY) values (STR_TO_DATE('22-11-2019','%d-%m-%Y'),'LAC','HOU');
Insert into schedule (GAME_DATE,HOME,AWAY) values (STR_TO_DATE('24-11-2019','%d-%m-%Y'),'LAC','NOR');
Insert into schedule (GAME_DATE,HOME,AWAY) values (STR_TO_DATE('01-12-2019','%d-%m-%Y'),'LAC','WAS');
Insert into schedule (GAME_DATE,HOME,AWAY) values (STR_TO_DATE('03-12-2019','%d-%m-%Y'),'LAC','POR');
Insert into schedule (GAME_DATE,HOME,AWAY) values (STR_TO_DATE('17-12-2019','%d-%m-%Y'),'LAC','PHO');
Insert into schedule (GAME_DATE,HOME,AWAY) values (STR_TO_DATE('19-12-2019','%d-%m-%Y'),'LAC','HOU');
Insert into schedule (GAME_DATE,HOME,AWAY) values (STR_TO_DATE('28-12-2019','%d-%m-%Y'),'LAC','UTH');
Insert into schedule (GAME_DATE,HOME,AWAY) values (STR_TO_DATE('02-01-2020','%d-%m-%Y'),'LAC','DET');
Insert into schedule (GAME_DATE,HOME,AWAY) values (STR_TO_DATE('04-01-2020','%d-%m-%Y'),'LAC','MEM');
Insert into schedule (GAME_DATE,HOME,AWAY) values (STR_TO_DATE('05-01-2020','%d-%m-%Y'),'LAC','NYK');
Insert into schedule (GAME_DATE,HOME,AWAY) values (STR_TO_DATE('10-01-2020','%d-%m-%Y'),'LAC','GSW');
Insert into schedule (GAME_DATE,HOME,AWAY) values (STR_TO_DATE('14-01-2020','%d-%m-%Y'),'LAC','CLE');
Insert into schedule (GAME_DATE,HOME,AWAY) values (STR_TO_DATE('16-01-2020','%d-%m-%Y'),'LAC','ORL');
Insert into schedule (GAME_DATE,HOME,AWAY) values (STR_TO_DATE('30-01-2020','%d-%m-%Y'),'LAC','SAC');
Insert into schedule (GAME_DATE,HOME,AWAY) values (STR_TO_DATE('01-02-2020','%d-%m-%Y'),'LAC','MIN');
Insert into schedule (GAME_DATE,HOME,AWAY) values (STR_TO_DATE('03-02-2020','%d-%m-%Y'),'LAC','SAS');
Insert into schedule (GAME_DATE,HOME,AWAY) values (STR_TO_DATE('05-02-2020','%d-%m-%Y'),'LAC','MIA');
Insert into schedule (GAME_DATE,HOME,AWAY) values (STR_TO_DATE('22-02-2020','%d-%m-%Y'),'LAC','SAC');
Insert into schedule (GAME_DATE,HOME,AWAY) values (STR_TO_DATE('24-02-2020','%d-%m-%Y'),'LAC','MEM');
Insert into schedule (GAME_DATE,HOME,AWAY) values (STR_TO_DATE('28-02-2020','%d-%m-%Y'),'LAC','DEN');
Insert into schedule (GAME_DATE,HOME,AWAY) values (STR_TO_DATE('01-03-2020','%d-%m-%Y'),'LAC','PHI');
Insert into schedule (GAME_DATE,HOME,AWAY) values (STR_TO_DATE('08-03-2020','%d-%m-%Y'),'LAC','LAL');
Insert into schedule (GAME_DATE,HOME,AWAY) values (STR_TO_DATE('13-03-2020','%d-%m-%Y'),'LAC','BKN');
Insert into schedule (GAME_DATE,HOME,AWAY) values (STR_TO_DATE('14-03-2020','%d-%m-%Y'),'LAC','NOR');
Insert into schedule (GAME_DATE,HOME,AWAY) values (STR_TO_DATE('16-03-2020','%d-%m-%Y'),'LAC','DAL');
Insert into schedule (GAME_DATE,HOME,AWAY) values (STR_TO_DATE('20-03-2020','%d-%m-%Y'),'LAC','PHO');
Insert into schedule (GAME_DATE,HOME,AWAY) values (STR_TO_DATE('30-03-2020','%d-%m-%Y'),'LAC','IND');
Insert into schedule (GAME_DATE,HOME,AWAY) values (STR_TO_DATE('04-04-2020','%d-%m-%Y'),'LAC','OKC');
Insert into schedule (GAME_DATE,HOME,AWAY) values (STR_TO_DATE('08-04-2020','%d-%m-%Y'),'LAC','CHI');
Insert into schedule (GAME_DATE,HOME,AWAY) values (STR_TO_DATE('11-04-2020','%d-%m-%Y'),'LAC','GSW');
Insert into schedule (GAME_DATE,HOME,AWAY) values (STR_TO_DATE('13-04-2020','%d-%m-%Y'),'LAC','MIN');
Insert into schedule (GAME_DATE,HOME,AWAY) values (STR_TO_DATE('25-10-2019','%d-%m-%Y'),'LAL','UTH');
Insert into schedule (GAME_DATE,HOME,AWAY) values (STR_TO_DATE('27-10-2019','%d-%m-%Y'),'LAL','CHA');
Insert into schedule (GAME_DATE,HOME,AWAY) values (STR_TO_DATE('29-10-2019','%d-%m-%Y'),'LAL','MEM');
Insert into schedule (GAME_DATE,HOME,AWAY) values (STR_TO_DATE('08-11-2019','%d-%m-%Y'),'LAL','MIA');
Insert into schedule (GAME_DATE,HOME,AWAY) values (STR_TO_DATE('10-11-2019','%d-%m-%Y'),'LAL','TOR');
Insert into schedule (GAME_DATE,HOME,AWAY) values (STR_TO_DATE('13-11-2019','%d-%m-%Y'),'LAL','GSW');
Insert into schedule (GAME_DATE,HOME,AWAY) values (STR_TO_DATE('15-11-2019','%d-%m-%Y'),'LAL','SAC');
Insert into schedule (GAME_DATE,HOME,AWAY) values (STR_TO_DATE('17-11-2019','%d-%m-%Y'),'LAL','ATL');
Insert into schedule (GAME_DATE,HOME,AWAY) values (STR_TO_DATE('19-11-2019','%d-%m-%Y'),'LAL','OKC');
Insert into schedule (GAME_DATE,HOME,AWAY) values (STR_TO_DATE('29-11-2019','%d-%m-%Y'),'LAL','WAS');
Insert into schedule (GAME_DATE,HOME,AWAY) values (STR_TO_DATE('01-12-2019','%d-%m-%Y'),'LAL','DAL');
Insert into schedule (GAME_DATE,HOME,AWAY) values (STR_TO_DATE('08-12-2019','%d-%m-%Y'),'LAL','MIN');
Insert into schedule (GAME_DATE,HOME,AWAY) values (STR_TO_DATE('22-12-2019','%d-%m-%Y'),'LAL','DEN');
Insert into schedule (GAME_DATE,HOME,AWAY) values (STR_TO_DATE('25-12-2019','%d-%m-%Y'),'LAL','LAC');
Insert into schedule (GAME_DATE,HOME,AWAY) values (STR_TO_DATE('29-12-2019','%d-%m-%Y'),'LAL','DAL');
Insert into schedule (GAME_DATE,HOME,AWAY) values (STR_TO_DATE('01-01-2020','%d-%m-%Y'),'LAL','PHO');
Insert into schedule (GAME_DATE,HOME,AWAY) values (STR_TO_DATE('03-01-2020','%d-%m-%Y'),'LAL','NOR');
Insert into schedule (GAME_DATE,HOME,AWAY) values (STR_TO_DATE('05-01-2020','%d-%m-%Y'),'LAL','DET');
Insert into schedule (GAME_DATE,HOME,AWAY) values (STR_TO_DATE('07-01-2020','%d-%m-%Y'),'LAL','NYK');
Insert into schedule (GAME_DATE,HOME,AWAY) values (STR_TO_DATE('13-01-2020','%d-%m-%Y'),'LAL','CLE');
Insert into schedule (GAME_DATE,HOME,AWAY) values (STR_TO_DATE('15-01-2020','%d-%m-%Y'),'LAL','ORL');
Insert into schedule (GAME_DATE,HOME,AWAY) values (STR_TO_DATE('28-01-2020','%d-%m-%Y'),'LAL','LAC');
Insert into schedule (GAME_DATE,HOME,AWAY) values (STR_TO_DATE('31-01-2020','%d-%m-%Y'),'LAL','POR');
Insert into schedule (GAME_DATE,HOME,AWAY) values (STR_TO_DATE('04-02-2020','%d-%m-%Y'),'LAL','SAS');
Insert into schedule (GAME_DATE,HOME,AWAY) values (STR_TO_DATE('06-02-2020','%d-%m-%Y'),'LAL','HOU');
Insert into schedule (GAME_DATE,HOME,AWAY) values (STR_TO_DATE('10-02-2020','%d-%m-%Y'),'LAL','PHO');
Insert into schedule (GAME_DATE,HOME,AWAY) values (STR_TO_DATE('21-02-2020','%d-%m-%Y'),'LAL','MEM');
Insert into schedule (GAME_DATE,HOME,AWAY) values (STR_TO_DATE('23-02-2020','%d-%m-%Y'),'LAL','BOS');
Insert into schedule (GAME_DATE,HOME,AWAY) values (STR_TO_DATE('25-02-2020','%d-%m-%Y'),'LAL','NOR');
Insert into schedule (GAME_DATE,HOME,AWAY) values (STR_TO_DATE('03-03-2020','%d-%m-%Y'),'LAL','PHI');
Insert into schedule (GAME_DATE,HOME,AWAY) values (STR_TO_DATE('06-03-2020','%d-%m-%Y'),'LAL','MIL');
Insert into schedule (GAME_DATE,HOME,AWAY) values (STR_TO_DATE('10-03-2020','%d-%m-%Y'),'LAL','BKN');
Insert into schedule (GAME_DATE,HOME,AWAY) values (STR_TO_DATE('12-03-2020','%d-%m-%Y'),'LAL','HOU');
Insert into schedule (GAME_DATE,HOME,AWAY) values (STR_TO_DATE('15-03-2020','%d-%m-%Y'),'LAL','DEN');
Insert into schedule (GAME_DATE,HOME,AWAY) values (STR_TO_DATE('18-03-2020','%d-%m-%Y'),'LAL','UTH');
Insert into schedule (GAME_DATE,HOME,AWAY) values (STR_TO_DATE('01-04-2020','%d-%m-%Y'),'LAL','IND');
Insert into schedule (GAME_DATE,HOME,AWAY) values (STR_TO_DATE('05-04-2020','%d-%m-%Y'),'LAL','OKC');
Insert into schedule (GAME_DATE,HOME,AWAY) values (STR_TO_DATE('07-04-2020','%d-%m-%Y'),'LAL','CHI');
Insert into schedule (GAME_DATE,HOME,AWAY) values (STR_TO_DATE('09-04-2020','%d-%m-%Y'),'LAL','GSW');
Insert into schedule (GAME_DATE,HOME,AWAY) values (STR_TO_DATE('12-04-2020','%d-%m-%Y'),'LAL','MIN');
Insert into schedule (GAME_DATE,HOME,AWAY) values (STR_TO_DATE('14-04-2020','%d-%m-%Y'),'LAL','SAC');
Insert into schedule (GAME_DATE,HOME,AWAY) values (STR_TO_DATE('25-10-2019','%d-%m-%Y'),'MEM','CHI');
Insert into schedule (GAME_DATE,HOME,AWAY) values (STR_TO_DATE('27-10-2019','%d-%m-%Y'),'MEM','BKN');
Insert into schedule (GAME_DATE,HOME,AWAY) values (STR_TO_DATE('02-11-2019','%d-%m-%Y'),'MEM','PHO');
Insert into schedule (GAME_DATE,HOME,AWAY) values (STR_TO_DATE('04-11-2019','%d-%m-%Y'),'MEM','HOU');
Insert into schedule (GAME_DATE,HOME,AWAY) values (STR_TO_DATE('06-11-2019','%d-%m-%Y'),'MEM','MIN');
Insert into schedule (GAME_DATE,HOME,AWAY) values (STR_TO_DATE('09-11-2019','%d-%m-%Y'),'MEM','DAL');
Insert into schedule (GAME_DATE,HOME,AWAY) values (STR_TO_DATE('15-11-2019','%d-%m-%Y'),'MEM','UTH');
Insert into schedule (GAME_DATE,HOME,AWAY) values (STR_TO_DATE('17-11-2019','%d-%m-%Y'),'MEM','DEN');
Insert into schedule (GAME_DATE,HOME,AWAY) values (STR_TO_DATE('19-11-2019','%d-%m-%Y'),'MEM','GSW');
Insert into schedule (GAME_DATE,HOME,AWAY) values (STR_TO_DATE('23-11-2019','%d-%m-%Y'),'MEM','LAL');
Insert into schedule (GAME_DATE,HOME,AWAY) values (STR_TO_DATE('27-11-2019','%d-%m-%Y'),'MEM','LAC');
Insert into schedule (GAME_DATE,HOME,AWAY) values (STR_TO_DATE('29-11-2019','%d-%m-%Y'),'MEM','UTH');
Insert into schedule (GAME_DATE,HOME,AWAY) values (STR_TO_DATE('02-12-2019','%d-%m-%Y'),'MEM','IND');
Insert into schedule (GAME_DATE,HOME,AWAY) values (STR_TO_DATE('13-12-2019','%d-%m-%Y'),'MEM','MIL');
Insert into schedule (GAME_DATE,HOME,AWAY) values (STR_TO_DATE('14-12-2019','%d-%m-%Y'),'MEM','WAS');
Insert into schedule (GAME_DATE,HOME,AWAY) values (STR_TO_DATE('16-12-2019','%d-%m-%Y'),'MEM','MIA');
Insert into schedule (GAME_DATE,HOME,AWAY) values (STR_TO_DATE('21-12-2019','%d-%m-%Y'),'MEM','SAC');
Insert into schedule (GAME_DATE,HOME,AWAY) values (STR_TO_DATE('23-12-2019','%d-%m-%Y'),'MEM','SAS');
Insert into schedule (GAME_DATE,HOME,AWAY) values (STR_TO_DATE('29-12-2019','%d-%m-%Y'),'MEM','CHA');
Insert into schedule (GAME_DATE,HOME,AWAY) values (STR_TO_DATE('07-01-2020','%d-%m-%Y'),'MEM','MIN');
Insert into schedule (GAME_DATE,HOME,AWAY) values (STR_TO_DATE('10-01-2020','%d-%m-%Y'),'MEM','SAS');
Insert into schedule (GAME_DATE,HOME,AWAY) values (STR_TO_DATE('12-01-2020','%d-%m-%Y'),'MEM','GSW');
Insert into schedule (GAME_DATE,HOME,AWAY) values (STR_TO_DATE('14-01-2020','%d-%m-%Y'),'MEM','HOU');
Insert into schedule (GAME_DATE,HOME,AWAY) values (STR_TO_DATE('17-01-2020','%d-%m-%Y'),'MEM','CLE');
Insert into schedule (GAME_DATE,HOME,AWAY) values (STR_TO_DATE('20-01-2020','%d-%m-%Y'),'MEM','NOR');
Insert into schedule (GAME_DATE,HOME,AWAY) values (STR_TO_DATE('26-01-2020','%d-%m-%Y'),'MEM','PHO');
Insert into schedule (GAME_DATE,HOME,AWAY) values (STR_TO_DATE('28-01-2020','%d-%m-%Y'),'MEM','DEN');
Insert into schedule (GAME_DATE,HOME,AWAY) values (STR_TO_DATE('03-02-2020','%d-%m-%Y'),'MEM','DET');
Insert into schedule (GAME_DATE,HOME,AWAY) values (STR_TO_DATE('12-02-2020','%d-%m-%Y'),'MEM','POR');
Insert into schedule (GAME_DATE,HOME,AWAY) values (STR_TO_DATE('28-02-2020','%d-%m-%Y'),'MEM','SAC');
Insert into schedule (GAME_DATE,HOME,AWAY) values (STR_TO_DATE('29-02-2020','%d-%m-%Y'),'MEM','LAL');
Insert into schedule (GAME_DATE,HOME,AWAY) values (STR_TO_DATE('07-03-2020','%d-%m-%Y'),'MEM','ATL');
Insert into schedule (GAME_DATE,HOME,AWAY) values (STR_TO_DATE('10-03-2020','%d-%m-%Y'),'MEM','ORL');
Insert into schedule (GAME_DATE,HOME,AWAY) values (STR_TO_DATE('17-03-2020','%d-%m-%Y'),'MEM','OKC');
Insert into schedule (GAME_DATE,HOME,AWAY) values (STR_TO_DATE('21-03-2020','%d-%m-%Y'),'MEM','NOR');
Insert into schedule (GAME_DATE,HOME,AWAY) values (STR_TO_DATE('25-03-2020','%d-%m-%Y'),'MEM','BOS');
Insert into schedule (GAME_DATE,HOME,AWAY) values (STR_TO_DATE('28-03-2020','%d-%m-%Y'),'MEM','TOR');
Insert into schedule (GAME_DATE,HOME,AWAY) values (STR_TO_DATE('01-04-2020','%d-%m-%Y'),'MEM','NYK');
Insert into schedule (GAME_DATE,HOME,AWAY) values (STR_TO_DATE('03-04-2020','%d-%m-%Y'),'MEM','DAL');
Insert into schedule (GAME_DATE,HOME,AWAY) values (STR_TO_DATE('11-04-2020','%d-%m-%Y'),'MEM','OKC');
Insert into schedule (GAME_DATE,HOME,AWAY) values (STR_TO_DATE('13-04-2020','%d-%m-%Y'),'MEM','PHI');
Insert into schedule (GAME_DATE,HOME,AWAY) values (STR_TO_DATE('23-10-2019','%d-%m-%Y'),'MIA','MEM');
Insert into schedule (GAME_DATE,HOME,AWAY) values (STR_TO_DATE('29-10-2019','%d-%m-%Y'),'MIA','ATL');
Insert into schedule (GAME_DATE,HOME,AWAY) values (STR_TO_DATE('03-11-2019','%d-%m-%Y'),'MIA','HOU');
Insert into schedule (GAME_DATE,HOME,AWAY) values (STR_TO_DATE('12-11-2019','%d-%m-%Y'),'MIA','DET');
Insert into schedule (GAME_DATE,HOME,AWAY) values (STR_TO_DATE('16-11-2019','%d-%m-%Y'),'MIA','NOR');
Insert into schedule (GAME_DATE,HOME,AWAY) values (STR_TO_DATE('20-11-2019','%d-%m-%Y'),'MIA','CLE');
Insert into schedule (GAME_DATE,HOME,AWAY) values (STR_TO_DATE('25-11-2019','%d-%m-%Y'),'MIA','CHA');
Insert into schedule (GAME_DATE,HOME,AWAY) values (STR_TO_DATE('29-11-2019','%d-%m-%Y'),'MIA','GSW');
Insert into schedule (GAME_DATE,HOME,AWAY) values (STR_TO_DATE('06-12-2019','%d-%m-%Y'),'MIA','WAS');
Insert into schedule (GAME_DATE,HOME,AWAY) values (STR_TO_DATE('08-12-2019','%d-%m-%Y'),'MIA','CHI');
Insert into schedule (GAME_DATE,HOME,AWAY) values (STR_TO_DATE('10-12-2019','%d-%m-%Y'),'MIA','ATL');
Insert into schedule (GAME_DATE,HOME,AWAY) values (STR_TO_DATE('13-12-2019','%d-%m-%Y'),'MIA','LAL');
Insert into schedule (GAME_DATE,HOME,AWAY) values (STR_TO_DATE('20-12-2019','%d-%m-%Y'),'MIA','NYK');
Insert into schedule (GAME_DATE,HOME,AWAY) values (STR_TO_DATE('23-12-2019','%d-%m-%Y'),'MIA','UTH');
Insert into schedule (GAME_DATE,HOME,AWAY) values (STR_TO_DATE('27-12-2019','%d-%m-%Y'),'MIA','IND');
Insert into schedule (GAME_DATE,HOME,AWAY) values (STR_TO_DATE('28-12-2019','%d-%m-%Y'),'MIA','PHI');
Insert into schedule (GAME_DATE,HOME,AWAY) values (STR_TO_DATE('02-01-2020','%d-%m-%Y'),'MIA','TOR');
Insert into schedule (GAME_DATE,HOME,AWAY) values (STR_TO_DATE('05-01-2020','%d-%m-%Y'),'MIA','POR');
Insert into schedule (GAME_DATE,HOME,AWAY) values (STR_TO_DATE('15-01-2020','%d-%m-%Y'),'MIA','SAS');
Insert into schedule (GAME_DATE,HOME,AWAY) values (STR_TO_DATE('20-01-2020','%d-%m-%Y'),'MIA','SAC');
Insert into schedule (GAME_DATE,HOME,AWAY) values (STR_TO_DATE('22-01-2020','%d-%m-%Y'),'MIA','WAS');
Insert into schedule (GAME_DATE,HOME,AWAY) values (STR_TO_DATE('24-01-2020','%d-%m-%Y'),'MIA','LAC');
Insert into schedule (GAME_DATE,HOME,AWAY) values (STR_TO_DATE('27-01-2020','%d-%m-%Y'),'MIA','ORL');
Insert into schedule (GAME_DATE,HOME,AWAY) values (STR_TO_DATE('28-01-2020','%d-%m-%Y'),'MIA','BOS');
Insert into schedule (GAME_DATE,HOME,AWAY) values (STR_TO_DATE('03-02-2020','%d-%m-%Y'),'MIA','PHI');
Insert into schedule (GAME_DATE,HOME,AWAY) values (STR_TO_DATE('22-02-2020','%d-%m-%Y'),'MIA','CLE');
Insert into schedule (GAME_DATE,HOME,AWAY) values (STR_TO_DATE('26-02-2020','%d-%m-%Y'),'MIA','MIN');
Insert into schedule (GAME_DATE,HOME,AWAY) values (STR_TO_DATE('28-02-2020','%d-%m-%Y'),'MIA','DAL');
Insert into schedule (GAME_DATE,HOME,AWAY) values (STR_TO_DATE('29-02-2020','%d-%m-%Y'),'MIA','BKN');
Insert into schedule (GAME_DATE,HOME,AWAY) values (STR_TO_DATE('02-03-2020','%d-%m-%Y'),'MIA','MIL');
Insert into schedule (GAME_DATE,HOME,AWAY) values (STR_TO_DATE('04-03-2020','%d-%m-%Y'),'MIA','ORL');
Insert into schedule (GAME_DATE,HOME,AWAY) values (STR_TO_DATE('11-03-2020','%d-%m-%Y'),'MIA','CHA');
Insert into schedule (GAME_DATE,HOME,AWAY) values (STR_TO_DATE('13-03-2020','%d-%m-%Y'),'MIA','NYK');
Insert into schedule (GAME_DATE,HOME,AWAY) values (STR_TO_DATE('14-03-2020','%d-%m-%Y'),'MIA','CHI');
Insert into schedule (GAME_DATE,HOME,AWAY) values (STR_TO_DATE('23-03-2020','%d-%m-%Y'),'MIA','OKC');
Insert into schedule (GAME_DATE,HOME,AWAY) values (STR_TO_DATE('25-03-2020','%d-%m-%Y'),'MIA','DEN');
Insert into schedule (GAME_DATE,HOME,AWAY) values (STR_TO_DATE('28-03-2020','%d-%m-%Y'),'MIA','PHO');
Insert into schedule (GAME_DATE,HOME,AWAY) values (STR_TO_DATE('07-04-2020','%d-%m-%Y'),'MIA','IND');
Insert into schedule (GAME_DATE,HOME,AWAY) values (STR_TO_DATE('09-04-2020','%d-%m-%Y'),'MIA','DET');
Insert into schedule (GAME_DATE,HOME,AWAY) values (STR_TO_DATE('11-04-2020','%d-%m-%Y'),'MIA','BOS');
Insert into schedule (GAME_DATE,HOME,AWAY) values (STR_TO_DATE('14-04-2020','%d-%m-%Y'),'MIA','TOR');
Insert into schedule (GAME_DATE,HOME,AWAY) values (STR_TO_DATE('26-10-2019','%d-%m-%Y'),'MIL','MIA');
Insert into schedule (GAME_DATE,HOME,AWAY) values (STR_TO_DATE('28-10-2019','%d-%m-%Y'),'MIL','CLE');
Insert into schedule (GAME_DATE,HOME,AWAY) values (STR_TO_DATE('02-11-2019','%d-%m-%Y'),'MIL','TOR');
Insert into schedule (GAME_DATE,HOME,AWAY) values (STR_TO_DATE('14-11-2019','%d-%m-%Y'),'MIL','CHI');
Insert into schedule (GAME_DATE,HOME,AWAY) values (STR_TO_DATE('21-11-2019','%d-%m-%Y'),'MIL','POR');
Insert into schedule (GAME_DATE,HOME,AWAY) values (STR_TO_DATE('23-11-2019','%d-%m-%Y'),'MIL','DET');
Insert into schedule (GAME_DATE,HOME,AWAY) values (STR_TO_DATE('25-11-2019','%d-%m-%Y'),'MIL','UTH');
Insert into schedule (GAME_DATE,HOME,AWAY) values (STR_TO_DATE('27-11-2019','%d-%m-%Y'),'MIL','ATL');
Insert into schedule (GAME_DATE,HOME,AWAY) values (STR_TO_DATE('30-11-2019','%d-%m-%Y'),'MIL','CHA');
Insert into schedule (GAME_DATE,HOME,AWAY) values (STR_TO_DATE('02-12-2019','%d-%m-%Y'),'MIL','NYK');
Insert into schedule (GAME_DATE,HOME,AWAY) values (STR_TO_DATE('06-12-2019','%d-%m-%Y'),'MIL','LAC');
Insert into schedule (GAME_DATE,HOME,AWAY) values (STR_TO_DATE('09-12-2019','%d-%m-%Y'),'MIL','ORL');
Insert into schedule (GAME_DATE,HOME,AWAY) values (STR_TO_DATE('11-12-2019','%d-%m-%Y'),'MIL','NOR');
Insert into schedule (GAME_DATE,HOME,AWAY) values (STR_TO_DATE('14-12-2019','%d-%m-%Y'),'MIL','CLE');
Insert into schedule (GAME_DATE,HOME,AWAY) values (STR_TO_DATE('16-12-2019','%d-%m-%Y'),'MIL','DAL');
Insert into schedule (GAME_DATE,HOME,AWAY) values (STR_TO_DATE('19-12-2019','%d-%m-%Y'),'MIL','LAL');
Insert into schedule (GAME_DATE,HOME,AWAY) values (STR_TO_DATE('22-12-2019','%d-%m-%Y'),'MIL','IND');
Insert into schedule (GAME_DATE,HOME,AWAY) values (STR_TO_DATE('28-12-2019','%d-%m-%Y'),'MIL','ORL');
Insert into schedule (GAME_DATE,HOME,AWAY) values (STR_TO_DATE('01-01-2020','%d-%m-%Y'),'MIL','MIN');
Insert into schedule (GAME_DATE,HOME,AWAY) values (STR_TO_DATE('04-01-2020','%d-%m-%Y'),'MIL','SAS');
Insert into schedule (GAME_DATE,HOME,AWAY) values (STR_TO_DATE('14-01-2020','%d-%m-%Y'),'MIL','NYK');
Insert into schedule (GAME_DATE,HOME,AWAY) values (STR_TO_DATE('16-01-2020','%d-%m-%Y'),'MIL','BOS');
Insert into schedule (GAME_DATE,HOME,AWAY) values (STR_TO_DATE('20-01-2020','%d-%m-%Y'),'MIL','CHI');
Insert into schedule (GAME_DATE,HOME,AWAY) values (STR_TO_DATE('28-01-2020','%d-%m-%Y'),'MIL','WAS');
Insert into schedule (GAME_DATE,HOME,AWAY) values (STR_TO_DATE('31-01-2020','%d-%m-%Y'),'MIL','DEN');
Insert into schedule (GAME_DATE,HOME,AWAY) values (STR_TO_DATE('02-02-2020','%d-%m-%Y'),'MIL','PHO');
Insert into schedule (GAME_DATE,HOME,AWAY) values (STR_TO_DATE('06-02-2020','%d-%m-%Y'),'MIL','PHI');
Insert into schedule (GAME_DATE,HOME,AWAY) values (STR_TO_DATE('10-02-2020','%d-%m-%Y'),'MIL','SAC');
Insert into schedule (GAME_DATE,HOME,AWAY) values (STR_TO_DATE('22-02-2020','%d-%m-%Y'),'MIL','PHI');
Insert into schedule (GAME_DATE,HOME,AWAY) values (STR_TO_DATE('28-02-2020','%d-%m-%Y'),'MIL','OKC');
Insert into schedule (GAME_DATE,HOME,AWAY) values (STR_TO_DATE('04-03-2020','%d-%m-%Y'),'MIL','IND');
Insert into schedule (GAME_DATE,HOME,AWAY) values (STR_TO_DATE('12-03-2020','%d-%m-%Y'),'MIL','BOS');
Insert into schedule (GAME_DATE,HOME,AWAY) values (STR_TO_DATE('14-03-2020','%d-%m-%Y'),'MIL','GSW');
Insert into schedule (GAME_DATE,HOME,AWAY) values (STR_TO_DATE('16-03-2020','%d-%m-%Y'),'MIL','MIA');
Insert into schedule (GAME_DATE,HOME,AWAY) values (STR_TO_DATE('19-03-2020','%d-%m-%Y'),'MIL','MEM');
Insert into schedule (GAME_DATE,HOME,AWAY) values (STR_TO_DATE('23-03-2020','%d-%m-%Y'),'MIL','DET');
Insert into schedule (GAME_DATE,HOME,AWAY) values (STR_TO_DATE('25-03-2020','%d-%m-%Y'),'MIL','HOU');
Insert into schedule (GAME_DATE,HOME,AWAY) values (STR_TO_DATE('27-03-2020','%d-%m-%Y'),'MIL','WAS');
Insert into schedule (GAME_DATE,HOME,AWAY) values (STR_TO_DATE('01-04-2020','%d-%m-%Y'),'MIL','TOR');
Insert into schedule (GAME_DATE,HOME,AWAY) values (STR_TO_DATE('09-04-2020','%d-%m-%Y'),'MIL','BKN');
Insert into schedule (GAME_DATE,HOME,AWAY) values (STR_TO_DATE('12-04-2020','%d-%m-%Y'),'MIL','ATL');
Insert into schedule (GAME_DATE,HOME,AWAY) values (STR_TO_DATE('27-10-2019','%d-%m-%Y'),'MIN','MIA');
Insert into schedule (GAME_DATE,HOME,AWAY) values (STR_TO_DATE('04-11-2019','%d-%m-%Y'),'MIN','MIL');
Insert into schedule (GAME_DATE,HOME,AWAY) values (STR_TO_DATE('08-11-2019','%d-%m-%Y'),'MIN','GSW');
Insert into schedule (GAME_DATE,HOME,AWAY) values (STR_TO_DATE('10-11-2019','%d-%m-%Y'),'MIN','DEN');
Insert into schedule (GAME_DATE,HOME,AWAY) values (STR_TO_DATE('13-11-2019','%d-%m-%Y'),'MIN','SAS');
Insert into schedule (GAME_DATE,HOME,AWAY) values (STR_TO_DATE('15-11-2019','%d-%m-%Y'),'MIN','WAS');
Insert into schedule (GAME_DATE,HOME,AWAY) values (STR_TO_DATE('16-11-2019','%d-%m-%Y'),'MIN','HOU');
Insert into schedule (GAME_DATE,HOME,AWAY) values (STR_TO_DATE('20-11-2019','%d-%m-%Y'),'MIN','UTH');
Insert into schedule (GAME_DATE,HOME,AWAY) values (STR_TO_DATE('23-11-2019','%d-%m-%Y'),'MIN','PHO');
Insert into schedule (GAME_DATE,HOME,AWAY) values (STR_TO_DATE('01-12-2019','%d-%m-%Y'),'MIN','MEM');
Insert into schedule (GAME_DATE,HOME,AWAY) values (STR_TO_DATE('11-12-2019','%d-%m-%Y'),'MIN','UTH');
Insert into schedule (GAME_DATE,HOME,AWAY) values (STR_TO_DATE('13-12-2019','%d-%m-%Y'),'MIN','LAC');
Insert into schedule (GAME_DATE,HOME,AWAY) values (STR_TO_DATE('18-12-2019','%d-%m-%Y'),'MIN','NOR');
Insert into schedule (GAME_DATE,HOME,AWAY) values (STR_TO_DATE('28-12-2019','%d-%m-%Y'),'MIN','CLE');
Insert into schedule (GAME_DATE,HOME,AWAY) values (STR_TO_DATE('30-12-2019','%d-%m-%Y'),'MIN','BKN');
Insert into schedule (GAME_DATE,HOME,AWAY) values (STR_TO_DATE('02-01-2020','%d-%m-%Y'),'MIN','GSW');
Insert into schedule (GAME_DATE,HOME,AWAY) values (STR_TO_DATE('09-01-2020','%d-%m-%Y'),'MIN','POR');
Insert into schedule (GAME_DATE,HOME,AWAY) values (STR_TO_DATE('13-01-2020','%d-%m-%Y'),'MIN','OKC');
Insert into schedule (GAME_DATE,HOME,AWAY) values (STR_TO_DATE('15-01-2020','%d-%m-%Y'),'MIN','IND');
Insert into schedule (GAME_DATE,HOME,AWAY) values (STR_TO_DATE('18-01-2020','%d-%m-%Y'),'MIN','TOR');
Insert into schedule (GAME_DATE,HOME,AWAY) values (STR_TO_DATE('20-01-2020','%d-%m-%Y'),'MIN','DEN');
Insert into schedule (GAME_DATE,HOME,AWAY) values (STR_TO_DATE('24-01-2020','%d-%m-%Y'),'MIN','HOU');
Insert into schedule (GAME_DATE,HOME,AWAY) values (STR_TO_DATE('25-01-2020','%d-%m-%Y'),'MIN','OKC');
Insert into schedule (GAME_DATE,HOME,AWAY) values (STR_TO_DATE('27-01-2020','%d-%m-%Y'),'MIN','SAC');
Insert into schedule (GAME_DATE,HOME,AWAY) values (STR_TO_DATE('05-02-2020','%d-%m-%Y'),'MIN','ATL');
Insert into schedule (GAME_DATE,HOME,AWAY) values (STR_TO_DATE('08-02-2020','%d-%m-%Y'),'MIN','LAC');
Insert into schedule (GAME_DATE,HOME,AWAY) values (STR_TO_DATE('12-02-2020','%d-%m-%Y'),'MIN','CHA');
Insert into schedule (GAME_DATE,HOME,AWAY) values (STR_TO_DATE('21-02-2020','%d-%m-%Y'),'MIN','BOS');
Insert into schedule (GAME_DATE,HOME,AWAY) values (STR_TO_DATE('01-03-2020','%d-%m-%Y'),'MIN','DAL');
Insert into schedule (GAME_DATE,HOME,AWAY) values (STR_TO_DATE('04-03-2020','%d-%m-%Y'),'MIN','CHI');
Insert into schedule (GAME_DATE,HOME,AWAY) values (STR_TO_DATE('06-03-2020','%d-%m-%Y'),'MIN','ORL');
Insert into schedule (GAME_DATE,HOME,AWAY) values (STR_TO_DATE('08-03-2020','%d-%m-%Y'),'MIN','NOR');
Insert into schedule (GAME_DATE,HOME,AWAY) values (STR_TO_DATE('22-03-2020','%d-%m-%Y'),'MIN','POR');
Insert into schedule (GAME_DATE,HOME,AWAY) values (STR_TO_DATE('24-03-2020','%d-%m-%Y'),'MIN','PHI');
Insert into schedule (GAME_DATE,HOME,AWAY) values (STR_TO_DATE('26-03-2020','%d-%m-%Y'),'MIN','SAS');
Insert into schedule (GAME_DATE,HOME,AWAY) values (STR_TO_DATE('30-03-2020','%d-%m-%Y'),'MIN','LAL');
Insert into schedule (GAME_DATE,HOME,AWAY) values (STR_TO_DATE('01-04-2020','%d-%m-%Y'),'MIN','DAL');
Insert into schedule (GAME_DATE,HOME,AWAY) values (STR_TO_DATE('05-04-2020','%d-%m-%Y'),'MIN','DET');
Insert into schedule (GAME_DATE,HOME,AWAY) values (STR_TO_DATE('07-04-2020','%d-%m-%Y'),'MIN','PHO');
Insert into schedule (GAME_DATE,HOME,AWAY) values (STR_TO_DATE('09-04-2020','%d-%m-%Y'),'MIN','SAC');
Insert into schedule (GAME_DATE,HOME,AWAY) values (STR_TO_DATE('15-04-2020','%d-%m-%Y'),'MIN','NYK');
Insert into schedule (GAME_DATE,HOME,AWAY) values (STR_TO_DATE('25-10-2019','%d-%m-%Y'),'NOR','DAL');
Insert into schedule (GAME_DATE,HOME,AWAY) values (STR_TO_DATE('28-10-2019','%d-%m-%Y'),'NOR','GSW');
Insert into schedule (GAME_DATE,HOME,AWAY) values (STR_TO_DATE('31-10-2019','%d-%m-%Y'),'NOR','DEN');
Insert into schedule (GAME_DATE,HOME,AWAY) values (STR_TO_DATE('08-11-2019','%d-%m-%Y'),'NOR','TOR');
Insert into schedule (GAME_DATE,HOME,AWAY) values (STR_TO_DATE('11-11-2019','%d-%m-%Y'),'NOR','HOU');
Insert into schedule (GAME_DATE,HOME,AWAY) values (STR_TO_DATE('14-11-2019','%d-%m-%Y'),'NOR','LAC');
Insert into schedule (GAME_DATE,HOME,AWAY) values (STR_TO_DATE('17-11-2019','%d-%m-%Y'),'NOR','GSW');
Insert into schedule (GAME_DATE,HOME,AWAY) values (STR_TO_DATE('19-11-2019','%d-%m-%Y'),'NOR','POR');
Insert into schedule (GAME_DATE,HOME,AWAY) values (STR_TO_DATE('27-11-2019','%d-%m-%Y'),'NOR','LAL');
Insert into schedule (GAME_DATE,HOME,AWAY) values (STR_TO_DATE('01-12-2019','%d-%m-%Y'),'NOR','OKC');
Insert into schedule (GAME_DATE,HOME,AWAY) values (STR_TO_DATE('03-12-2019','%d-%m-%Y'),'NOR','DAL');
Insert into schedule (GAME_DATE,HOME,AWAY) values (STR_TO_DATE('05-12-2019','%d-%m-%Y'),'NOR','PHO');
Insert into schedule (GAME_DATE,HOME,AWAY) values (STR_TO_DATE('09-12-2019','%d-%m-%Y'),'NOR','DET');
Insert into schedule (GAME_DATE,HOME,AWAY) values (STR_TO_DATE('15-12-2019','%d-%m-%Y'),'NOR','ORL');
Insert into schedule (GAME_DATE,HOME,AWAY) values (STR_TO_DATE('17-12-2019','%d-%m-%Y'),'NOR','BKN');
Insert into schedule (GAME_DATE,HOME,AWAY) values (STR_TO_DATE('28-12-2019','%d-%m-%Y'),'NOR','IND');
Insert into schedule (GAME_DATE,HOME,AWAY) values (STR_TO_DATE('29-12-2019','%d-%m-%Y'),'NOR','HOU');
Insert into schedule (GAME_DATE,HOME,AWAY) values (STR_TO_DATE('06-01-2020','%d-%m-%Y'),'NOR','UTH');
Insert into schedule (GAME_DATE,HOME,AWAY) values (STR_TO_DATE('08-01-2020','%d-%m-%Y'),'NOR','CHI');
Insert into schedule (GAME_DATE,HOME,AWAY) values (STR_TO_DATE('16-01-2020','%d-%m-%Y'),'NOR','UTH');
Insert into schedule (GAME_DATE,HOME,AWAY) values (STR_TO_DATE('18-01-2020','%d-%m-%Y'),'NOR','LAC');
Insert into schedule (GAME_DATE,HOME,AWAY) values (STR_TO_DATE('22-01-2020','%d-%m-%Y'),'NOR','SAS');
Insert into schedule (GAME_DATE,HOME,AWAY) values (STR_TO_DATE('24-01-2020','%d-%m-%Y'),'NOR','DEN');
Insert into schedule (GAME_DATE,HOME,AWAY) values (STR_TO_DATE('26-01-2020','%d-%m-%Y'),'NOR','BOS');
Insert into schedule (GAME_DATE,HOME,AWAY) values (STR_TO_DATE('31-01-2020','%d-%m-%Y'),'NOR','MEM');
Insert into schedule (GAME_DATE,HOME,AWAY) values (STR_TO_DATE('04-02-2020','%d-%m-%Y'),'NOR','MIL');
Insert into schedule (GAME_DATE,HOME,AWAY) values (STR_TO_DATE('11-02-2020','%d-%m-%Y'),'NOR','POR');
Insert into schedule (GAME_DATE,HOME,AWAY) values (STR_TO_DATE('13-02-2020','%d-%m-%Y'),'NOR','OKC');
Insert into schedule (GAME_DATE,HOME,AWAY) values (STR_TO_DATE('28-02-2020','%d-%m-%Y'),'NOR','CLE');
Insert into schedule (GAME_DATE,HOME,AWAY) values (STR_TO_DATE('01-03-2020','%d-%m-%Y'),'NOR','LAL');
Insert into schedule (GAME_DATE,HOME,AWAY) values (STR_TO_DATE('03-03-2020','%d-%m-%Y'),'NOR','MIN');
Insert into schedule (GAME_DATE,HOME,AWAY) values (STR_TO_DATE('06-03-2020','%d-%m-%Y'),'NOR','MIA');
Insert into schedule (GAME_DATE,HOME,AWAY) values (STR_TO_DATE('16-03-2020','%d-%m-%Y'),'NOR','ATL');
Insert into schedule (GAME_DATE,HOME,AWAY) values (STR_TO_DATE('18-03-2020','%d-%m-%Y'),'NOR','SAS');
Insert into schedule (GAME_DATE,HOME,AWAY) values (STR_TO_DATE('22-03-2020','%d-%m-%Y'),'NOR','SAC');
Insert into schedule (GAME_DATE,HOME,AWAY) values (STR_TO_DATE('24-03-2020','%d-%m-%Y'),'NOR','MEM');
Insert into schedule (GAME_DATE,HOME,AWAY) values (STR_TO_DATE('27-03-2020','%d-%m-%Y'),'NOR','NYK');
Insert into schedule (GAME_DATE,HOME,AWAY) values (STR_TO_DATE('07-04-2020','%d-%m-%Y'),'NOR','CHA');
Insert into schedule (GAME_DATE,HOME,AWAY) values (STR_TO_DATE('09-04-2020','%d-%m-%Y'),'NOR','PHO');
Insert into schedule (GAME_DATE,HOME,AWAY) values (STR_TO_DATE('11-04-2020','%d-%m-%Y'),'NOR','PHI');
Insert into schedule (GAME_DATE,HOME,AWAY) values (STR_TO_DATE('13-04-2020','%d-%m-%Y'),'NOR','WAS');
Insert into schedule (GAME_DATE,HOME,AWAY) values (STR_TO_DATE('26-10-2019','%d-%m-%Y'),'NYK','BOS');
Insert into schedule (GAME_DATE,HOME,AWAY) values (STR_TO_DATE('28-10-2019','%d-%m-%Y'),'NYK','CHI');
Insert into schedule (GAME_DATE,HOME,AWAY) values (STR_TO_DATE('03-11-2019','%d-%m-%Y'),'NYK','SAC');
Insert into schedule (GAME_DATE,HOME,AWAY) values (STR_TO_DATE('10-11-2019','%d-%m-%Y'),'NYK','CLE');
Insert into schedule (GAME_DATE,HOME,AWAY) values (STR_TO_DATE('14-11-2019','%d-%m-%Y'),'NYK','DAL');
Insert into schedule (GAME_DATE,HOME,AWAY) values (STR_TO_DATE('16-11-2019','%d-%m-%Y'),'NYK','CHA');
Insert into schedule (GAME_DATE,HOME,AWAY) values (STR_TO_DATE('18-11-2019','%d-%m-%Y'),'NYK','CLE');
Insert into schedule (GAME_DATE,HOME,AWAY) values (STR_TO_DATE('23-11-2019','%d-%m-%Y'),'NYK','SAS');
Insert into schedule (GAME_DATE,HOME,AWAY) values (STR_TO_DATE('24-11-2019','%d-%m-%Y'),'NYK','BKN');
Insert into schedule (GAME_DATE,HOME,AWAY) values (STR_TO_DATE('29-11-2019','%d-%m-%Y'),'NYK','PHI');
Insert into schedule (GAME_DATE,HOME,AWAY) values (STR_TO_DATE('01-12-2019','%d-%m-%Y'),'NYK','BOS');
Insert into schedule (GAME_DATE,HOME,AWAY) values (STR_TO_DATE('05-12-2019','%d-%m-%Y'),'NYK','DEN');
Insert into schedule (GAME_DATE,HOME,AWAY) values (STR_TO_DATE('07-12-2019','%d-%m-%Y'),'NYK','IND');
Insert into schedule (GAME_DATE,HOME,AWAY) values (STR_TO_DATE('17-12-2019','%d-%m-%Y'),'NYK','ATL');
Insert into schedule (GAME_DATE,HOME,AWAY) values (STR_TO_DATE('21-12-2019','%d-%m-%Y'),'NYK','MIL');
Insert into schedule (GAME_DATE,HOME,AWAY) values (STR_TO_DATE('23-12-2019','%d-%m-%Y'),'NYK','WAS');
Insert into schedule (GAME_DATE,HOME,AWAY) values (STR_TO_DATE('01-01-2020','%d-%m-%Y'),'NYK','POR');
Insert into schedule (GAME_DATE,HOME,AWAY) values (STR_TO_DATE('10-01-2020','%d-%m-%Y'),'NYK','NOR');
Insert into schedule (GAME_DATE,HOME,AWAY) values (STR_TO_DATE('12-01-2020','%d-%m-%Y'),'NYK','MIA');
Insert into schedule (GAME_DATE,HOME,AWAY) values (STR_TO_DATE('16-01-2020','%d-%m-%Y'),'NYK','PHO');
Insert into schedule (GAME_DATE,HOME,AWAY) values (STR_TO_DATE('18-01-2020','%d-%m-%Y'),'NYK','PHI');
Insert into schedule (GAME_DATE,HOME,AWAY) values (STR_TO_DATE('22-01-2020','%d-%m-%Y'),'NYK','LAL');
Insert into schedule (GAME_DATE,HOME,AWAY) values (STR_TO_DATE('24-01-2020','%d-%m-%Y'),'NYK','TOR');
Insert into schedule (GAME_DATE,HOME,AWAY) values (STR_TO_DATE('26-01-2020','%d-%m-%Y'),'NYK','BKN');
Insert into schedule (GAME_DATE,HOME,AWAY) values (STR_TO_DATE('29-01-2020','%d-%m-%Y'),'NYK','MEM');
Insert into schedule (GAME_DATE,HOME,AWAY) values (STR_TO_DATE('06-02-2020','%d-%m-%Y'),'NYK','ORL');
Insert into schedule (GAME_DATE,HOME,AWAY) values (STR_TO_DATE('12-02-2020','%d-%m-%Y'),'NYK','WAS');
Insert into schedule (GAME_DATE,HOME,AWAY) values (STR_TO_DATE('21-02-2020','%d-%m-%Y'),'NYK','IND');
Insert into schedule (GAME_DATE,HOME,AWAY) values (STR_TO_DATE('29-02-2020','%d-%m-%Y'),'NYK','CHI');
Insert into schedule (GAME_DATE,HOME,AWAY) values (STR_TO_DATE('02-03-2020','%d-%m-%Y'),'NYK','HOU');
Insert into schedule (GAME_DATE,HOME,AWAY) values (STR_TO_DATE('04-03-2020','%d-%m-%Y'),'NYK','UTH');
Insert into schedule (GAME_DATE,HOME,AWAY) values (STR_TO_DATE('06-03-2020','%d-%m-%Y'),'NYK','OKC');
Insert into schedule (GAME_DATE,HOME,AWAY) values (STR_TO_DATE('08-03-2020','%d-%m-%Y'),'NYK','DET');
Insert into schedule (GAME_DATE,HOME,AWAY) values (STR_TO_DATE('17-03-2020','%d-%m-%Y'),'NYK','CHA');
Insert into schedule (GAME_DATE,HOME,AWAY) values (STR_TO_DATE('21-03-2020','%d-%m-%Y'),'NYK','GSW');
Insert into schedule (GAME_DATE,HOME,AWAY) values (STR_TO_DATE('23-03-2020','%d-%m-%Y'),'NYK','LAC');
Insert into schedule (GAME_DATE,HOME,AWAY) values (STR_TO_DATE('25-03-2020','%d-%m-%Y'),'NYK','TOR');
Insert into schedule (GAME_DATE,HOME,AWAY) values (STR_TO_DATE('03-04-2020','%d-%m-%Y'),'NYK','MIN');
Insert into schedule (GAME_DATE,HOME,AWAY) values (STR_TO_DATE('05-04-2020','%d-%m-%Y'),'NYK','MIA');
Insert into schedule (GAME_DATE,HOME,AWAY) values (STR_TO_DATE('08-04-2020','%d-%m-%Y'),'NYK','ORL');
Insert into schedule (GAME_DATE,HOME,AWAY) values (STR_TO_DATE('14-04-2020','%d-%m-%Y'),'NYK','DET');
Insert into schedule (GAME_DATE,HOME,AWAY) values (STR_TO_DATE('25-10-2019','%d-%m-%Y'),'OKC','WAS');
Insert into schedule (GAME_DATE,HOME,AWAY) values (STR_TO_DATE('27-10-2019','%d-%m-%Y'),'OKC','GSW');
Insert into schedule (GAME_DATE,HOME,AWAY) values (STR_TO_DATE('30-10-2019','%d-%m-%Y'),'OKC','POR');
Insert into schedule (GAME_DATE,HOME,AWAY) values (STR_TO_DATE('02-11-2019','%d-%m-%Y'),'OKC','NOR');
Insert into schedule (GAME_DATE,HOME,AWAY) values (STR_TO_DATE('05-11-2019','%d-%m-%Y'),'OKC','ORL');
Insert into schedule (GAME_DATE,HOME,AWAY) values (STR_TO_DATE('09-11-2019','%d-%m-%Y'),'OKC','GSW');
Insert into schedule (GAME_DATE,HOME,AWAY) values (STR_TO_DATE('10-11-2019','%d-%m-%Y'),'OKC','MIL');
Insert into schedule (GAME_DATE,HOME,AWAY) values (STR_TO_DATE('15-11-2019','%d-%m-%Y'),'OKC','PHI');
Insert into schedule (GAME_DATE,HOME,AWAY) values (STR_TO_DATE('22-11-2019','%d-%m-%Y'),'OKC','LAL');
Insert into schedule (GAME_DATE,HOME,AWAY) values (STR_TO_DATE('29-11-2019','%d-%m-%Y'),'OKC','NOR');
Insert into schedule (GAME_DATE,HOME,AWAY) values (STR_TO_DATE('04-12-2019','%d-%m-%Y'),'OKC','IND');
Insert into schedule (GAME_DATE,HOME,AWAY) values (STR_TO_DATE('06-12-2019','%d-%m-%Y'),'OKC','MIN');
Insert into schedule (GAME_DATE,HOME,AWAY) values (STR_TO_DATE('16-12-2019','%d-%m-%Y'),'OKC','CHI');
Insert into schedule (GAME_DATE,HOME,AWAY) values (STR_TO_DATE('18-12-2019','%d-%m-%Y'),'OKC','MEM');
Insert into schedule (GAME_DATE,HOME,AWAY) values (STR_TO_DATE('20-12-2019','%d-%m-%Y'),'OKC','PHO');
Insert into schedule (GAME_DATE,HOME,AWAY) values (STR_TO_DATE('22-12-2019','%d-%m-%Y'),'OKC','LAC');
Insert into schedule (GAME_DATE,HOME,AWAY) values (STR_TO_DATE('26-12-2019','%d-%m-%Y'),'OKC','MEM');
Insert into schedule (GAME_DATE,HOME,AWAY) values (STR_TO_DATE('31-12-2019','%d-%m-%Y'),'OKC','DAL');
Insert into schedule (GAME_DATE,HOME,AWAY) values (STR_TO_DATE('09-01-2020','%d-%m-%Y'),'OKC','HOU');
Insert into schedule (GAME_DATE,HOME,AWAY) values (STR_TO_DATE('11-01-2020','%d-%m-%Y'),'OKC','LAL');
Insert into schedule (GAME_DATE,HOME,AWAY) values (STR_TO_DATE('15-01-2020','%d-%m-%Y'),'OKC','TOR');
Insert into schedule (GAME_DATE,HOME,AWAY) values (STR_TO_DATE('17-01-2020','%d-%m-%Y'),'OKC','MIA');
Insert into schedule (GAME_DATE,HOME,AWAY) values (STR_TO_DATE('18-01-2020','%d-%m-%Y'),'OKC','POR');
Insert into schedule (GAME_DATE,HOME,AWAY) values (STR_TO_DATE('24-01-2020','%d-%m-%Y'),'OKC','ATL');
Insert into schedule (GAME_DATE,HOME,AWAY) values (STR_TO_DATE('27-01-2020','%d-%m-%Y'),'OKC','DAL');
Insert into schedule (GAME_DATE,HOME,AWAY) values (STR_TO_DATE('05-02-2020','%d-%m-%Y'),'OKC','CLE');
Insert into schedule (GAME_DATE,HOME,AWAY) values (STR_TO_DATE('07-02-2020','%d-%m-%Y'),'OKC','DET');
Insert into schedule (GAME_DATE,HOME,AWAY) values (STR_TO_DATE('09-02-2020','%d-%m-%Y'),'OKC','BOS');
Insert into schedule (GAME_DATE,HOME,AWAY) values (STR_TO_DATE('11-02-2020','%d-%m-%Y'),'OKC','SAS');
Insert into schedule (GAME_DATE,HOME,AWAY) values (STR_TO_DATE('21-02-2020','%d-%m-%Y'),'OKC','DEN');
Insert into schedule (GAME_DATE,HOME,AWAY) values (STR_TO_DATE('23-02-2020','%d-%m-%Y'),'OKC','SAS');
Insert into schedule (GAME_DATE,HOME,AWAY) values (STR_TO_DATE('27-02-2020','%d-%m-%Y'),'OKC','SAC');
Insert into schedule (GAME_DATE,HOME,AWAY) values (STR_TO_DATE('03-03-2020','%d-%m-%Y'),'OKC','LAC');
Insert into schedule (GAME_DATE,HOME,AWAY) values (STR_TO_DATE('11-03-2020','%d-%m-%Y'),'OKC','UTH');
Insert into schedule (GAME_DATE,HOME,AWAY) values (STR_TO_DATE('13-03-2020','%d-%m-%Y'),'OKC','MIN');
Insert into schedule (GAME_DATE,HOME,AWAY) values (STR_TO_DATE('20-03-2020','%d-%m-%Y'),'OKC','DEN');
Insert into schedule (GAME_DATE,HOME,AWAY) values (STR_TO_DATE('26-03-2020','%d-%m-%Y'),'OKC','CHA');
Insert into schedule (GAME_DATE,HOME,AWAY) values (STR_TO_DATE('01-04-2020','%d-%m-%Y'),'OKC','PHO');
Insert into schedule (GAME_DATE,HOME,AWAY) values (STR_TO_DATE('07-04-2020','%d-%m-%Y'),'OKC','BKN');
Insert into schedule (GAME_DATE,HOME,AWAY) values (STR_TO_DATE('10-04-2020','%d-%m-%Y'),'OKC','NYK');
Insert into schedule (GAME_DATE,HOME,AWAY) values (STR_TO_DATE('13-04-2020','%d-%m-%Y'),'OKC','UTH');
Insert into schedule (GAME_DATE,HOME,AWAY) values (STR_TO_DATE('23-10-2019','%d-%m-%Y'),'ORL','CLE');
Insert into schedule (GAME_DATE,HOME,AWAY) values (STR_TO_DATE('30-10-2019','%d-%m-%Y'),'ORL','NYK');
Insert into schedule (GAME_DATE,HOME,AWAY) values (STR_TO_DATE('01-11-2019','%d-%m-%Y'),'ORL','MIL');
Insert into schedule (GAME_DATE,HOME,AWAY) values (STR_TO_DATE('02-11-2019','%d-%m-%Y'),'ORL','DEN');
Insert into schedule (GAME_DATE,HOME,AWAY) values (STR_TO_DATE('08-11-2019','%d-%m-%Y'),'ORL','MEM');
Insert into schedule (GAME_DATE,HOME,AWAY) values (STR_TO_DATE('10-11-2019','%d-%m-%Y'),'ORL','IND');
Insert into schedule (GAME_DATE,HOME,AWAY) values (STR_TO_DATE('13-11-2019','%d-%m-%Y'),'ORL','PHI');
Insert into schedule (GAME_DATE,HOME,AWAY) values (STR_TO_DATE('15-11-2019','%d-%m-%Y'),'ORL','SAS');
Insert into schedule (GAME_DATE,HOME,AWAY) values (STR_TO_DATE('17-11-2019','%d-%m-%Y'),'ORL','WAS');
Insert into schedule (GAME_DATE,HOME,AWAY) values (STR_TO_DATE('29-11-2019','%d-%m-%Y'),'ORL','TOR');
Insert into schedule (GAME_DATE,HOME,AWAY) values (STR_TO_DATE('01-12-2019','%d-%m-%Y'),'ORL','GSW');
Insert into schedule (GAME_DATE,HOME,AWAY) values (STR_TO_DATE('04-12-2019','%d-%m-%Y'),'ORL','PHO');
Insert into schedule (GAME_DATE,HOME,AWAY) values (STR_TO_DATE('11-12-2019','%d-%m-%Y'),'ORL','LAL');
Insert into schedule (GAME_DATE,HOME,AWAY) values (STR_TO_DATE('13-12-2019','%d-%m-%Y'),'ORL','HOU');
Insert into schedule (GAME_DATE,HOME,AWAY) values (STR_TO_DATE('23-12-2019','%d-%m-%Y'),'ORL','CHI');
Insert into schedule (GAME_DATE,HOME,AWAY) values (STR_TO_DATE('27-12-2019','%d-%m-%Y'),'ORL','PHI');
Insert into schedule (GAME_DATE,HOME,AWAY) values (STR_TO_DATE('30-12-2019','%d-%m-%Y'),'ORL','ATL');
Insert into schedule (GAME_DATE,HOME,AWAY) values (STR_TO_DATE('03-01-2020','%d-%m-%Y'),'ORL','MIA');
Insert into schedule (GAME_DATE,HOME,AWAY) values (STR_TO_DATE('04-01-2020','%d-%m-%Y'),'ORL','UTH');
Insert into schedule (GAME_DATE,HOME,AWAY) values (STR_TO_DATE('06-01-2020','%d-%m-%Y'),'ORL','BKN');
Insert into schedule (GAME_DATE,HOME,AWAY) values (STR_TO_DATE('08-01-2020','%d-%m-%Y'),'ORL','WAS');
Insert into schedule (GAME_DATE,HOME,AWAY) values (STR_TO_DATE('22-01-2020','%d-%m-%Y'),'ORL','OKC');
Insert into schedule (GAME_DATE,HOME,AWAY) values (STR_TO_DATE('24-01-2020','%d-%m-%Y'),'ORL','BOS');
Insert into schedule (GAME_DATE,HOME,AWAY) values (STR_TO_DATE('26-01-2020','%d-%m-%Y'),'ORL','LAC');
Insert into schedule (GAME_DATE,HOME,AWAY) values (STR_TO_DATE('01-02-2020','%d-%m-%Y'),'ORL','MIA');
Insert into schedule (GAME_DATE,HOME,AWAY) values (STR_TO_DATE('08-02-2020','%d-%m-%Y'),'ORL','MIL');
Insert into schedule (GAME_DATE,HOME,AWAY) values (STR_TO_DATE('10-02-2020','%d-%m-%Y'),'ORL','ATL');
Insert into schedule (GAME_DATE,HOME,AWAY) values (STR_TO_DATE('12-02-2020','%d-%m-%Y'),'ORL','DET');
Insert into schedule (GAME_DATE,HOME,AWAY) values (STR_TO_DATE('21-02-2020','%d-%m-%Y'),'ORL','DAL');
Insert into schedule (GAME_DATE,HOME,AWAY) values (STR_TO_DATE('28-02-2020','%d-%m-%Y'),'ORL','MIN');
Insert into schedule (GAME_DATE,HOME,AWAY) values (STR_TO_DATE('02-03-2020','%d-%m-%Y'),'ORL','POR');
Insert into schedule (GAME_DATE,HOME,AWAY) values (STR_TO_DATE('12-03-2020','%d-%m-%Y'),'ORL','CHI');
Insert into schedule (GAME_DATE,HOME,AWAY) values (STR_TO_DATE('15-03-2020','%d-%m-%Y'),'ORL','CHA');
Insert into schedule (GAME_DATE,HOME,AWAY) values (STR_TO_DATE('19-03-2020','%d-%m-%Y'),'ORL','CLE');
Insert into schedule (GAME_DATE,HOME,AWAY) values (STR_TO_DATE('21-03-2020','%d-%m-%Y'),'ORL','SAC');
Insert into schedule (GAME_DATE,HOME,AWAY) values (STR_TO_DATE('25-03-2020','%d-%m-%Y'),'ORL','IND');
Insert into schedule (GAME_DATE,HOME,AWAY) values (STR_TO_DATE('27-03-2020','%d-%m-%Y'),'ORL','BKN');
Insert into schedule (GAME_DATE,HOME,AWAY) values (STR_TO_DATE('29-03-2020','%d-%m-%Y'),'ORL','NOR');
Insert into schedule (GAME_DATE,HOME,AWAY) values (STR_TO_DATE('01-04-2020','%d-%m-%Y'),'ORL','CHA');
Insert into schedule (GAME_DATE,HOME,AWAY) values (STR_TO_DATE('10-04-2020','%d-%m-%Y'),'ORL','BOS');
Insert into schedule (GAME_DATE,HOME,AWAY) values (STR_TO_DATE('15-04-2020','%d-%m-%Y'),'ORL','TOR');
Insert into schedule (GAME_DATE,HOME,AWAY) values (STR_TO_DATE('23-10-2019','%d-%m-%Y'),'PHI','BOS');
Insert into schedule (GAME_DATE,HOME,AWAY) values (STR_TO_DATE('30-10-2019','%d-%m-%Y'),'PHI','MIN');
Insert into schedule (GAME_DATE,HOME,AWAY) values (STR_TO_DATE('10-11-2019','%d-%m-%Y'),'PHI','CHA');
Insert into schedule (GAME_DATE,HOME,AWAY) values (STR_TO_DATE('12-11-2019','%d-%m-%Y'),'PHI','CLE');
Insert into schedule (GAME_DATE,HOME,AWAY) values (STR_TO_DATE('20-11-2019','%d-%m-%Y'),'PHI','NYK');
Insert into schedule (GAME_DATE,HOME,AWAY) values (STR_TO_DATE('22-11-2019','%d-%m-%Y'),'PHI','SAS');
Insert into schedule (GAME_DATE,HOME,AWAY) values (STR_TO_DATE('23-11-2019','%d-%m-%Y'),'PHI','MIA');
Insert into schedule (GAME_DATE,HOME,AWAY) values (STR_TO_DATE('27-11-2019','%d-%m-%Y'),'PHI','SAC');
Insert into schedule (GAME_DATE,HOME,AWAY) values (STR_TO_DATE('30-11-2019','%d-%m-%Y'),'PHI','IND');
Insert into schedule (GAME_DATE,HOME,AWAY) values (STR_TO_DATE('02-12-2019','%d-%m-%Y'),'PHI','UTH');
Insert into schedule (GAME_DATE,HOME,AWAY) values (STR_TO_DATE('07-12-2019','%d-%m-%Y'),'PHI','CLE');
Insert into schedule (GAME_DATE,HOME,AWAY) values (STR_TO_DATE('08-12-2019','%d-%m-%Y'),'PHI','TOR');
Insert into schedule (GAME_DATE,HOME,AWAY) values (STR_TO_DATE('10-12-2019','%d-%m-%Y'),'PHI','DEN');
Insert into schedule (GAME_DATE,HOME,AWAY) values (STR_TO_DATE('13-12-2019','%d-%m-%Y'),'PHI','NOR');
Insert into schedule (GAME_DATE,HOME,AWAY) values (STR_TO_DATE('18-12-2019','%d-%m-%Y'),'PHI','MIA');
Insert into schedule (GAME_DATE,HOME,AWAY) values (STR_TO_DATE('20-12-2019','%d-%m-%Y'),'PHI','DAL');
Insert into schedule (GAME_DATE,HOME,AWAY) values (STR_TO_DATE('21-12-2019','%d-%m-%Y'),'PHI','WAS');
Insert into schedule (GAME_DATE,HOME,AWAY) values (STR_TO_DATE('25-12-2019','%d-%m-%Y'),'PHI','MIL');
Insert into schedule (GAME_DATE,HOME,AWAY) values (STR_TO_DATE('06-01-2020','%d-%m-%Y'),'PHI','OKC');
Insert into schedule (GAME_DATE,HOME,AWAY) values (STR_TO_DATE('09-01-2020','%d-%m-%Y'),'PHI','BOS');
Insert into schedule (GAME_DATE,HOME,AWAY) values (STR_TO_DATE('15-01-2020','%d-%m-%Y'),'PHI','BKN');
Insert into schedule (GAME_DATE,HOME,AWAY) values (STR_TO_DATE('17-01-2020','%d-%m-%Y'),'PHI','CHI');
Insert into schedule (GAME_DATE,HOME,AWAY) values (STR_TO_DATE('25-01-2020','%d-%m-%Y'),'PHI','LAL');
Insert into schedule (GAME_DATE,HOME,AWAY) values (STR_TO_DATE('28-01-2020','%d-%m-%Y'),'PHI','GSW');
Insert into schedule (GAME_DATE,HOME,AWAY) values (STR_TO_DATE('07-02-2020','%d-%m-%Y'),'PHI','MEM');
Insert into schedule (GAME_DATE,HOME,AWAY) values (STR_TO_DATE('09-02-2020','%d-%m-%Y'),'PHI','CHI');
Insert into schedule (GAME_DATE,HOME,AWAY) values (STR_TO_DATE('11-02-2020','%d-%m-%Y'),'PHI','LAC');
Insert into schedule (GAME_DATE,HOME,AWAY) values (STR_TO_DATE('20-02-2020','%d-%m-%Y'),'PHI','BKN');
Insert into schedule (GAME_DATE,HOME,AWAY) values (STR_TO_DATE('24-02-2020','%d-%m-%Y'),'PHI','ATL');
Insert into schedule (GAME_DATE,HOME,AWAY) values (STR_TO_DATE('27-02-2020','%d-%m-%Y'),'PHI','NYK');
Insert into schedule (GAME_DATE,HOME,AWAY) values (STR_TO_DATE('11-03-2020','%d-%m-%Y'),'PHI','DET');
Insert into schedule (GAME_DATE,HOME,AWAY) values (STR_TO_DATE('14-03-2020','%d-%m-%Y'),'PHI','IND');
Insert into schedule (GAME_DATE,HOME,AWAY) values (STR_TO_DATE('16-03-2020','%d-%m-%Y'),'PHI','WAS');
Insert into schedule (GAME_DATE,HOME,AWAY) values (STR_TO_DATE('18-03-2020','%d-%m-%Y'),'PHI','TOR');
Insert into schedule (GAME_DATE,HOME,AWAY) values (STR_TO_DATE('21-03-2020','%d-%m-%Y'),'PHI','ATL');
Insert into schedule (GAME_DATE,HOME,AWAY) values (STR_TO_DATE('27-03-2020','%d-%m-%Y'),'PHI','PHO');
Insert into schedule (GAME_DATE,HOME,AWAY) values (STR_TO_DATE('29-03-2020','%d-%m-%Y'),'PHI','POR');
Insert into schedule (GAME_DATE,HOME,AWAY) values (STR_TO_DATE('31-03-2020','%d-%m-%Y'),'PHI','HOU');
Insert into schedule (GAME_DATE,HOME,AWAY) values (STR_TO_DATE('05-04-2020','%d-%m-%Y'),'PHI','ORL');
Insert into schedule (GAME_DATE,HOME,AWAY) values (STR_TO_DATE('07-04-2020','%d-%m-%Y'),'PHI','MIL');
Insert into schedule (GAME_DATE,HOME,AWAY) values (STR_TO_DATE('15-04-2020','%d-%m-%Y'),'PHI','CHA');
Insert into schedule (GAME_DATE,HOME,AWAY) values (STR_TO_DATE('23-10-2019','%d-%m-%Y'),'PHO','SAC');
Insert into schedule (GAME_DATE,HOME,AWAY) values (STR_TO_DATE('26-10-2019','%d-%m-%Y'),'PHO','LAC');
Insert into schedule (GAME_DATE,HOME,AWAY) values (STR_TO_DATE('28-10-2019','%d-%m-%Y'),'PHO','UTH');
Insert into schedule (GAME_DATE,HOME,AWAY) values (STR_TO_DATE('04-11-2019','%d-%m-%Y'),'PHO','PHI');
Insert into schedule (GAME_DATE,HOME,AWAY) values (STR_TO_DATE('07-11-2019','%d-%m-%Y'),'PHO','MIA');
Insert into schedule (GAME_DATE,HOME,AWAY) values (STR_TO_DATE('10-11-2019','%d-%m-%Y'),'PHO','BKN');
Insert into schedule (GAME_DATE,HOME,AWAY) values (STR_TO_DATE('12-11-2019','%d-%m-%Y'),'PHO','LAL');
Insert into schedule (GAME_DATE,HOME,AWAY) values (STR_TO_DATE('14-11-2019','%d-%m-%Y'),'PHO','ATL');
Insert into schedule (GAME_DATE,HOME,AWAY) values (STR_TO_DATE('18-11-2019','%d-%m-%Y'),'PHO','BOS');
Insert into schedule (GAME_DATE,HOME,AWAY) values (STR_TO_DATE('21-11-2019','%d-%m-%Y'),'PHO','NOR');
Insert into schedule (GAME_DATE,HOME,AWAY) values (STR_TO_DATE('27-11-2019','%d-%m-%Y'),'PHO','WAS');
Insert into schedule (GAME_DATE,HOME,AWAY) values (STR_TO_DATE('29-11-2019','%d-%m-%Y'),'PHO','DAL');
Insert into schedule (GAME_DATE,HOME,AWAY) values (STR_TO_DATE('09-12-2019','%d-%m-%Y'),'PHO','MIN');
Insert into schedule (GAME_DATE,HOME,AWAY) values (STR_TO_DATE('11-12-2019','%d-%m-%Y'),'PHO','MEM');
Insert into schedule (GAME_DATE,HOME,AWAY) values (STR_TO_DATE('14-12-2019','%d-%m-%Y'),'PHO','SAS');
Insert into schedule (GAME_DATE,HOME,AWAY) values (STR_TO_DATE('16-12-2019','%d-%m-%Y'),'PHO','POR');
Insert into schedule (GAME_DATE,HOME,AWAY) values (STR_TO_DATE('21-12-2019','%d-%m-%Y'),'PHO','HOU');
Insert into schedule (GAME_DATE,HOME,AWAY) values (STR_TO_DATE('23-12-2019','%d-%m-%Y'),'PHO','DEN');
Insert into schedule (GAME_DATE,HOME,AWAY) values (STR_TO_DATE('03-01-2020','%d-%m-%Y'),'PHO','NYK');
Insert into schedule (GAME_DATE,HOME,AWAY) values (STR_TO_DATE('05-01-2020','%d-%m-%Y'),'PHO','MEM');
Insert into schedule (GAME_DATE,HOME,AWAY) values (STR_TO_DATE('07-01-2020','%d-%m-%Y'),'PHO','SAC');
Insert into schedule (GAME_DATE,HOME,AWAY) values (STR_TO_DATE('10-01-2020','%d-%m-%Y'),'PHO','ORL');
Insert into schedule (GAME_DATE,HOME,AWAY) values (STR_TO_DATE('12-01-2020','%d-%m-%Y'),'PHO','CHA');
Insert into schedule (GAME_DATE,HOME,AWAY) values (STR_TO_DATE('20-01-2020','%d-%m-%Y'),'PHO','SAS');
Insert into schedule (GAME_DATE,HOME,AWAY) values (STR_TO_DATE('22-01-2020','%d-%m-%Y'),'PHO','IND');
Insert into schedule (GAME_DATE,HOME,AWAY) values (STR_TO_DATE('31-01-2020','%d-%m-%Y'),'PHO','OKC');
Insert into schedule (GAME_DATE,HOME,AWAY) values (STR_TO_DATE('07-02-2020','%d-%m-%Y'),'PHO','HOU');
Insert into schedule (GAME_DATE,HOME,AWAY) values (STR_TO_DATE('08-02-2020','%d-%m-%Y'),'PHO','DEN');
Insert into schedule (GAME_DATE,HOME,AWAY) values (STR_TO_DATE('12-02-2020','%d-%m-%Y'),'PHO','GSW');
Insert into schedule (GAME_DATE,HOME,AWAY) values (STR_TO_DATE('26-02-2020','%d-%m-%Y'),'PHO','LAC');
Insert into schedule (GAME_DATE,HOME,AWAY) values (STR_TO_DATE('28-02-2020','%d-%m-%Y'),'PHO','DET');
Insert into schedule (GAME_DATE,HOME,AWAY) values (STR_TO_DATE('29-02-2020','%d-%m-%Y'),'PHO','GSW');
Insert into schedule (GAME_DATE,HOME,AWAY) values (STR_TO_DATE('03-03-2020','%d-%m-%Y'),'PHO','TOR');
Insert into schedule (GAME_DATE,HOME,AWAY) values (STR_TO_DATE('06-03-2020','%d-%m-%Y'),'PHO','POR');
Insert into schedule (GAME_DATE,HOME,AWAY) values (STR_TO_DATE('08-03-2020','%d-%m-%Y'),'PHO','MIL');
Insert into schedule (GAME_DATE,HOME,AWAY) values (STR_TO_DATE('18-03-2020','%d-%m-%Y'),'PHO','MIN');
Insert into schedule (GAME_DATE,HOME,AWAY) values (STR_TO_DATE('21-03-2020','%d-%m-%Y'),'PHO','DAL');
Insert into schedule (GAME_DATE,HOME,AWAY) values (STR_TO_DATE('03-04-2020','%d-%m-%Y'),'PHO','CLE');
Insert into schedule (GAME_DATE,HOME,AWAY) values (STR_TO_DATE('05-04-2020','%d-%m-%Y'),'PHO','CHI');
Insert into schedule (GAME_DATE,HOME,AWAY) values (STR_TO_DATE('11-04-2020','%d-%m-%Y'),'PHO','UTH');
Insert into schedule (GAME_DATE,HOME,AWAY) values (STR_TO_DATE('15-04-2020','%d-%m-%Y'),'PHO','LAL');
Insert into schedule (GAME_DATE,HOME,AWAY) values (STR_TO_DATE('23-10-2019','%d-%m-%Y'),'POR','DEN');
Insert into schedule (GAME_DATE,HOME,AWAY) values (STR_TO_DATE('02-11-2019','%d-%m-%Y'),'POR','PHI');
Insert into schedule (GAME_DATE,HOME,AWAY) values (STR_TO_DATE('08-11-2019','%d-%m-%Y'),'POR','BKN');
Insert into schedule (GAME_DATE,HOME,AWAY) values (STR_TO_DATE('10-11-2019','%d-%m-%Y'),'POR','ATL');
Insert into schedule (GAME_DATE,HOME,AWAY) values (STR_TO_DATE('13-11-2019','%d-%m-%Y'),'POR','TOR');
Insert into schedule (GAME_DATE,HOME,AWAY) values (STR_TO_DATE('27-11-2019','%d-%m-%Y'),'POR','OKC');
Insert into schedule (GAME_DATE,HOME,AWAY) values (STR_TO_DATE('29-11-2019','%d-%m-%Y'),'POR','CHI');
Insert into schedule (GAME_DATE,HOME,AWAY) values (STR_TO_DATE('04-12-2019','%d-%m-%Y'),'POR','SAC');
Insert into schedule (GAME_DATE,HOME,AWAY) values (STR_TO_DATE('06-12-2019','%d-%m-%Y'),'POR','LAL');
Insert into schedule (GAME_DATE,HOME,AWAY) values (STR_TO_DATE('08-12-2019','%d-%m-%Y'),'POR','OKC');
Insert into schedule (GAME_DATE,HOME,AWAY) values (STR_TO_DATE('10-12-2019','%d-%m-%Y'),'POR','NYK');
Insert into schedule (GAME_DATE,HOME,AWAY) values (STR_TO_DATE('18-12-2019','%d-%m-%Y'),'POR','GSW');
Insert into schedule (GAME_DATE,HOME,AWAY) values (STR_TO_DATE('20-12-2019','%d-%m-%Y'),'POR','ORL');
Insert into schedule (GAME_DATE,HOME,AWAY) values (STR_TO_DATE('21-12-2019','%d-%m-%Y'),'POR','MIN');
Insert into schedule (GAME_DATE,HOME,AWAY) values (STR_TO_DATE('23-12-2019','%d-%m-%Y'),'POR','NOR');
Insert into schedule (GAME_DATE,HOME,AWAY) values (STR_TO_DATE('28-12-2019','%d-%m-%Y'),'POR','LAL');
Insert into schedule (GAME_DATE,HOME,AWAY) values (STR_TO_DATE('30-12-2019','%d-%m-%Y'),'POR','PHO');
Insert into schedule (GAME_DATE,HOME,AWAY) values (STR_TO_DATE('11-01-2020','%d-%m-%Y'),'POR','MIL');
Insert into schedule (GAME_DATE,HOME,AWAY) values (STR_TO_DATE('13-01-2020','%d-%m-%Y'),'POR','CHA');
Insert into schedule (GAME_DATE,HOME,AWAY) values (STR_TO_DATE('20-01-2020','%d-%m-%Y'),'POR','GSW');
Insert into schedule (GAME_DATE,HOME,AWAY) values (STR_TO_DATE('23-01-2020','%d-%m-%Y'),'POR','DAL');
Insert into schedule (GAME_DATE,HOME,AWAY) values (STR_TO_DATE('26-01-2020','%d-%m-%Y'),'POR','IND');
Insert into schedule (GAME_DATE,HOME,AWAY) values (STR_TO_DATE('29-01-2020','%d-%m-%Y'),'POR','HOU');
Insert into schedule (GAME_DATE,HOME,AWAY) values (STR_TO_DATE('01-02-2020','%d-%m-%Y'),'POR','UTH');
Insert into schedule (GAME_DATE,HOME,AWAY) values (STR_TO_DATE('06-02-2020','%d-%m-%Y'),'POR','SAS');
Insert into schedule (GAME_DATE,HOME,AWAY) values (STR_TO_DATE('09-02-2020','%d-%m-%Y'),'POR','MIA');
Insert into schedule (GAME_DATE,HOME,AWAY) values (STR_TO_DATE('21-02-2020','%d-%m-%Y'),'POR','NOR');
Insert into schedule (GAME_DATE,HOME,AWAY) values (STR_TO_DATE('23-02-2020','%d-%m-%Y'),'POR','DET');
Insert into schedule (GAME_DATE,HOME,AWAY) values (STR_TO_DATE('25-02-2020','%d-%m-%Y'),'POR','BOS');
Insert into schedule (GAME_DATE,HOME,AWAY) values (STR_TO_DATE('04-03-2020','%d-%m-%Y'),'POR','WAS');
Insert into schedule (GAME_DATE,HOME,AWAY) values (STR_TO_DATE('07-03-2020','%d-%m-%Y'),'POR','SAC');
Insert into schedule (GAME_DATE,HOME,AWAY) values (STR_TO_DATE('10-03-2020','%d-%m-%Y'),'POR','PHO');
Insert into schedule (GAME_DATE,HOME,AWAY) values (STR_TO_DATE('12-03-2020','%d-%m-%Y'),'POR','MEM');
Insert into schedule (GAME_DATE,HOME,AWAY) values (STR_TO_DATE('15-03-2020','%d-%m-%Y'),'POR','HOU');
Insert into schedule (GAME_DATE,HOME,AWAY) values (STR_TO_DATE('17-03-2020','%d-%m-%Y'),'POR','MIN');
Insert into schedule (GAME_DATE,HOME,AWAY) values (STR_TO_DATE('19-03-2020','%d-%m-%Y'),'POR','DAL');
Insert into schedule (GAME_DATE,HOME,AWAY) values (STR_TO_DATE('02-04-2020','%d-%m-%Y'),'POR','UTH');
Insert into schedule (GAME_DATE,HOME,AWAY) values (STR_TO_DATE('05-04-2020','%d-%m-%Y'),'POR','MEM');
Insert into schedule (GAME_DATE,HOME,AWAY) values (STR_TO_DATE('07-04-2020','%d-%m-%Y'),'POR','CLE');
Insert into schedule (GAME_DATE,HOME,AWAY) values (STR_TO_DATE('09-04-2020','%d-%m-%Y'),'POR','DEN');
Insert into schedule (GAME_DATE,HOME,AWAY) values (STR_TO_DATE('15-04-2020','%d-%m-%Y'),'POR','LAC');
Insert into schedule (GAME_DATE,HOME,AWAY) values (STR_TO_DATE('25-10-2019','%d-%m-%Y'),'SAC','POR');
Insert into schedule (GAME_DATE,HOME,AWAY) values (STR_TO_DATE('28-10-2019','%d-%m-%Y'),'SAC','DEN');
Insert into schedule (GAME_DATE,HOME,AWAY) values (STR_TO_DATE('30-10-2019','%d-%m-%Y'),'SAC','CHA');
Insert into schedule (GAME_DATE,HOME,AWAY) values (STR_TO_DATE('01-11-2019','%d-%m-%Y'),'SAC','UTH');
Insert into schedule (GAME_DATE,HOME,AWAY) values (STR_TO_DATE('12-11-2019','%d-%m-%Y'),'SAC','POR');
Insert into schedule (GAME_DATE,HOME,AWAY) values (STR_TO_DATE('17-11-2019','%d-%m-%Y'),'SAC','BOS');
Insert into schedule (GAME_DATE,HOME,AWAY) values (STR_TO_DATE('19-11-2019','%d-%m-%Y'),'SAC','PHO');
Insert into schedule (GAME_DATE,HOME,AWAY) values (STR_TO_DATE('30-11-2019','%d-%m-%Y'),'SAC','DEN');
Insert into schedule (GAME_DATE,HOME,AWAY) values (STR_TO_DATE('02-12-2019','%d-%m-%Y'),'SAC','CHI');
Insert into schedule (GAME_DATE,HOME,AWAY) values (STR_TO_DATE('11-12-2019','%d-%m-%Y'),'SAC','OKC');
Insert into schedule (GAME_DATE,HOME,AWAY) values (STR_TO_DATE('13-12-2019','%d-%m-%Y'),'SAC','NYK');
Insert into schedule (GAME_DATE,HOME,AWAY) values (STR_TO_DATE('23-12-2019','%d-%m-%Y'),'SAC','HOU');
Insert into schedule (GAME_DATE,HOME,AWAY) values (STR_TO_DATE('26-12-2019','%d-%m-%Y'),'SAC','MIN');
Insert into schedule (GAME_DATE,HOME,AWAY) values (STR_TO_DATE('28-12-2019','%d-%m-%Y'),'SAC','PHO');
Insert into schedule (GAME_DATE,HOME,AWAY) values (STR_TO_DATE('31-12-2019','%d-%m-%Y'),'SAC','LAC');
Insert into schedule (GAME_DATE,HOME,AWAY) values (STR_TO_DATE('02-01-2020','%d-%m-%Y'),'SAC','MEM');
Insert into schedule (GAME_DATE,HOME,AWAY) values (STR_TO_DATE('04-01-2020','%d-%m-%Y'),'SAC','NOR');
Insert into schedule (GAME_DATE,HOME,AWAY) values (STR_TO_DATE('06-01-2020','%d-%m-%Y'),'SAC','GSW');
Insert into schedule (GAME_DATE,HOME,AWAY) values (STR_TO_DATE('10-01-2020','%d-%m-%Y'),'SAC','MIL');
Insert into schedule (GAME_DATE,HOME,AWAY) values (STR_TO_DATE('13-01-2020','%d-%m-%Y'),'SAC','ORL');
Insert into schedule (GAME_DATE,HOME,AWAY) values (STR_TO_DATE('15-01-2020','%d-%m-%Y'),'SAC','DAL');
Insert into schedule (GAME_DATE,HOME,AWAY) values (STR_TO_DATE('29-01-2020','%d-%m-%Y'),'SAC','OKC');
Insert into schedule (GAME_DATE,HOME,AWAY) values (STR_TO_DATE('01-02-2020','%d-%m-%Y'),'SAC','LAL');
Insert into schedule (GAME_DATE,HOME,AWAY) values (STR_TO_DATE('03-02-2020','%d-%m-%Y'),'SAC','MIN');
Insert into schedule (GAME_DATE,HOME,AWAY) values (STR_TO_DATE('07-02-2020','%d-%m-%Y'),'SAC','MIA');
Insert into schedule (GAME_DATE,HOME,AWAY) values (STR_TO_DATE('08-02-2020','%d-%m-%Y'),'SAC','SAS');
Insert into schedule (GAME_DATE,HOME,AWAY) values (STR_TO_DATE('20-02-2020','%d-%m-%Y'),'SAC','MEM');
Insert into schedule (GAME_DATE,HOME,AWAY) values (STR_TO_DATE('01-03-2020','%d-%m-%Y'),'SAC','DET');
Insert into schedule (GAME_DATE,HOME,AWAY) values (STR_TO_DATE('03-03-2020','%d-%m-%Y'),'SAC','WAS');
Insert into schedule (GAME_DATE,HOME,AWAY) values (STR_TO_DATE('05-03-2020','%d-%m-%Y'),'SAC','PHI');
Insert into schedule (GAME_DATE,HOME,AWAY) values (STR_TO_DATE('08-03-2020','%d-%m-%Y'),'SAC','TOR');
Insert into schedule (GAME_DATE,HOME,AWAY) values (STR_TO_DATE('11-03-2020','%d-%m-%Y'),'SAC','NOR');
Insert into schedule (GAME_DATE,HOME,AWAY) values (STR_TO_DATE('15-03-2020','%d-%m-%Y'),'SAC','BKN');
Insert into schedule (GAME_DATE,HOME,AWAY) values (STR_TO_DATE('17-03-2020','%d-%m-%Y'),'SAC','DAL');
Insert into schedule (GAME_DATE,HOME,AWAY) values (STR_TO_DATE('26-03-2020','%d-%m-%Y'),'SAC','ATL');
Insert into schedule (GAME_DATE,HOME,AWAY) values (STR_TO_DATE('29-03-2020','%d-%m-%Y'),'SAC','IND');
Insert into schedule (GAME_DATE,HOME,AWAY) values (STR_TO_DATE('31-03-2020','%d-%m-%Y'),'SAC','SAS');
Insert into schedule (GAME_DATE,HOME,AWAY) values (STR_TO_DATE('02-04-2020','%d-%m-%Y'),'SAC','LAC');
Insert into schedule (GAME_DATE,HOME,AWAY) values (STR_TO_DATE('04-04-2020','%d-%m-%Y'),'SAC','LAL');
Insert into schedule (GAME_DATE,HOME,AWAY) values (STR_TO_DATE('05-04-2020','%d-%m-%Y'),'SAC','CLE');
Insert into schedule (GAME_DATE,HOME,AWAY) values (STR_TO_DATE('15-04-2020','%d-%m-%Y'),'SAC','GSW');
Insert into schedule (GAME_DATE,HOME,AWAY) values (STR_TO_DATE('23-10-2019','%d-%m-%Y'),'SAS','NYK');
Insert into schedule (GAME_DATE,HOME,AWAY) values (STR_TO_DATE('26-10-2019','%d-%m-%Y'),'SAS','WAS');
Insert into schedule (GAME_DATE,HOME,AWAY) values (STR_TO_DATE('28-10-2019','%d-%m-%Y'),'SAS','POR');
Insert into schedule (GAME_DATE,HOME,AWAY) values (STR_TO_DATE('03-11-2019','%d-%m-%Y'),'SAS','LAL');
Insert into schedule (GAME_DATE,HOME,AWAY) values (STR_TO_DATE('07-11-2019','%d-%m-%Y'),'SAS','OKC');
Insert into schedule (GAME_DATE,HOME,AWAY) values (STR_TO_DATE('09-11-2019','%d-%m-%Y'),'SAS','BOS');
Insert into schedule (GAME_DATE,HOME,AWAY) values (STR_TO_DATE('11-11-2019','%d-%m-%Y'),'SAS','MEM');
Insert into schedule (GAME_DATE,HOME,AWAY) values (STR_TO_DATE('16-11-2019','%d-%m-%Y'),'SAS','POR');
Insert into schedule (GAME_DATE,HOME,AWAY) values (STR_TO_DATE('25-11-2019','%d-%m-%Y'),'SAS','LAL');
Insert into schedule (GAME_DATE,HOME,AWAY) values (STR_TO_DATE('27-11-2019','%d-%m-%Y'),'SAS','MIN');
Insert into schedule (GAME_DATE,HOME,AWAY) values (STR_TO_DATE('29-11-2019','%d-%m-%Y'),'SAS','LAC');
Insert into schedule (GAME_DATE,HOME,AWAY) values (STR_TO_DATE('03-12-2019','%d-%m-%Y'),'SAS','HOU');
Insert into schedule (GAME_DATE,HOME,AWAY) values (STR_TO_DATE('06-12-2019','%d-%m-%Y'),'SAS','SAC');
Insert into schedule (GAME_DATE,HOME,AWAY) values (STR_TO_DATE('12-12-2019','%d-%m-%Y'),'SAS','CLE');
Insert into schedule (GAME_DATE,HOME,AWAY) values (STR_TO_DATE('19-12-2019','%d-%m-%Y'),'SAS','BKN');
Insert into schedule (GAME_DATE,HOME,AWAY) values (STR_TO_DATE('21-12-2019','%d-%m-%Y'),'SAS','LAC');
Insert into schedule (GAME_DATE,HOME,AWAY) values (STR_TO_DATE('28-12-2019','%d-%m-%Y'),'SAS','DET');
Insert into schedule (GAME_DATE,HOME,AWAY) values (STR_TO_DATE('31-12-2019','%d-%m-%Y'),'SAS','GSW');
Insert into schedule (GAME_DATE,HOME,AWAY) values (STR_TO_DATE('02-01-2020','%d-%m-%Y'),'SAS','OKC');
Insert into schedule (GAME_DATE,HOME,AWAY) values (STR_TO_DATE('06-01-2020','%d-%m-%Y'),'SAS','MIL');
Insert into schedule (GAME_DATE,HOME,AWAY) values (STR_TO_DATE('17-01-2020','%d-%m-%Y'),'SAS','ATL');
Insert into schedule (GAME_DATE,HOME,AWAY) values (STR_TO_DATE('19-01-2020','%d-%m-%Y'),'SAS','MIA');
Insert into schedule (GAME_DATE,HOME,AWAY) values (STR_TO_DATE('24-01-2020','%d-%m-%Y'),'SAS','PHO');
Insert into schedule (GAME_DATE,HOME,AWAY) values (STR_TO_DATE('26-01-2020','%d-%m-%Y'),'SAS','TOR');
Insert into schedule (GAME_DATE,HOME,AWAY) values (STR_TO_DATE('29-01-2020','%d-%m-%Y'),'SAS','UTH');
Insert into schedule (GAME_DATE,HOME,AWAY) values (STR_TO_DATE('01-02-2020','%d-%m-%Y'),'SAS','CHA');
Insert into schedule (GAME_DATE,HOME,AWAY) values (STR_TO_DATE('26-02-2020','%d-%m-%Y'),'SAS','DAL');
Insert into schedule (GAME_DATE,HOME,AWAY) values (STR_TO_DATE('29-02-2020','%d-%m-%Y'),'SAS','ORL');
Insert into schedule (GAME_DATE,HOME,AWAY) values (STR_TO_DATE('02-03-2020','%d-%m-%Y'),'SAS','IND');
Insert into schedule (GAME_DATE,HOME,AWAY) values (STR_TO_DATE('10-03-2020','%d-%m-%Y'),'SAS','DAL');
Insert into schedule (GAME_DATE,HOME,AWAY) values (STR_TO_DATE('13-03-2020','%d-%m-%Y'),'SAS','DEN');
Insert into schedule (GAME_DATE,HOME,AWAY) values (STR_TO_DATE('14-03-2020','%d-%m-%Y'),'SAS','MIN');
Insert into schedule (GAME_DATE,HOME,AWAY) values (STR_TO_DATE('16-03-2020','%d-%m-%Y'),'SAS','MEM');
Insert into schedule (GAME_DATE,HOME,AWAY) values (STR_TO_DATE('20-03-2020','%d-%m-%Y'),'SAS','CHI');
Insert into schedule (GAME_DATE,HOME,AWAY) values (STR_TO_DATE('22-03-2020','%d-%m-%Y'),'SAS','UTH');
Insert into schedule (GAME_DATE,HOME,AWAY) values (STR_TO_DATE('03-04-2020','%d-%m-%Y'),'SAS','GSW');
Insert into schedule (GAME_DATE,HOME,AWAY) values (STR_TO_DATE('05-04-2020','%d-%m-%Y'),'SAS','NOR');
Insert into schedule (GAME_DATE,HOME,AWAY) values (STR_TO_DATE('07-04-2020','%d-%m-%Y'),'SAS','SAC');
Insert into schedule (GAME_DATE,HOME,AWAY) values (STR_TO_DATE('10-04-2020','%d-%m-%Y'),'SAS','PHI');
Insert into schedule (GAME_DATE,HOME,AWAY) values (STR_TO_DATE('12-04-2020','%d-%m-%Y'),'SAS','HOU');
Insert into schedule (GAME_DATE,HOME,AWAY) values (STR_TO_DATE('15-04-2020','%d-%m-%Y'),'SAS','NOR');
Insert into schedule (GAME_DATE,HOME,AWAY) values (STR_TO_DATE('22-10-2019','%d-%m-%Y'),'TOR','NOR');
Insert into schedule (GAME_DATE,HOME,AWAY) values (STR_TO_DATE('28-10-2019','%d-%m-%Y'),'TOR','ORL');
Insert into schedule (GAME_DATE,HOME,AWAY) values (STR_TO_DATE('30-10-2019','%d-%m-%Y'),'TOR','DET');
Insert into schedule (GAME_DATE,HOME,AWAY) values (STR_TO_DATE('06-11-2019','%d-%m-%Y'),'TOR','SAC');
Insert into schedule (GAME_DATE,HOME,AWAY) values (STR_TO_DATE('18-11-2019','%d-%m-%Y'),'TOR','CHA');
Insert into schedule (GAME_DATE,HOME,AWAY) values (STR_TO_DATE('20-11-2019','%d-%m-%Y'),'TOR','ORL');
Insert into schedule (GAME_DATE,HOME,AWAY) values (STR_TO_DATE('25-11-2019','%d-%m-%Y'),'TOR','PHI');
Insert into schedule (GAME_DATE,HOME,AWAY) values (STR_TO_DATE('27-11-2019','%d-%m-%Y'),'TOR','NYK');
Insert into schedule (GAME_DATE,HOME,AWAY) values (STR_TO_DATE('01-12-2019','%d-%m-%Y'),'TOR','UTH');
Insert into schedule (GAME_DATE,HOME,AWAY) values (STR_TO_DATE('03-12-2019','%d-%m-%Y'),'TOR','MIA');
Insert into schedule (GAME_DATE,HOME,AWAY) values (STR_TO_DATE('05-12-2019','%d-%m-%Y'),'TOR','HOU');
Insert into schedule (GAME_DATE,HOME,AWAY) values (STR_TO_DATE('11-12-2019','%d-%m-%Y'),'TOR','LAC');
Insert into schedule (GAME_DATE,HOME,AWAY) values (STR_TO_DATE('14-12-2019','%d-%m-%Y'),'TOR','BKN');
Insert into schedule (GAME_DATE,HOME,AWAY) values (STR_TO_DATE('16-12-2019','%d-%m-%Y'),'TOR','CLE');
Insert into schedule (GAME_DATE,HOME,AWAY) values (STR_TO_DATE('20-12-2019','%d-%m-%Y'),'TOR','WAS');
Insert into schedule (GAME_DATE,HOME,AWAY) values (STR_TO_DATE('22-12-2019','%d-%m-%Y'),'TOR','DAL');
Insert into schedule (GAME_DATE,HOME,AWAY) values (STR_TO_DATE('25-12-2019','%d-%m-%Y'),'TOR','BOS');
Insert into schedule (GAME_DATE,HOME,AWAY) values (STR_TO_DATE('29-12-2019','%d-%m-%Y'),'TOR','OKC');
Insert into schedule (GAME_DATE,HOME,AWAY) values (STR_TO_DATE('31-12-2019','%d-%m-%Y'),'TOR','CLE');
Insert into schedule (GAME_DATE,HOME,AWAY) values (STR_TO_DATE('07-01-2020','%d-%m-%Y'),'TOR','POR');
Insert into schedule (GAME_DATE,HOME,AWAY) values (STR_TO_DATE('12-01-2020','%d-%m-%Y'),'TOR','SAS');
Insert into schedule (GAME_DATE,HOME,AWAY) values (STR_TO_DATE('17-01-2020','%d-%m-%Y'),'TOR','WAS');
Insert into schedule (GAME_DATE,HOME,AWAY) values (STR_TO_DATE('22-01-2020','%d-%m-%Y'),'TOR','PHI');
Insert into schedule (GAME_DATE,HOME,AWAY) values (STR_TO_DATE('28-01-2020','%d-%m-%Y'),'TOR','ATL');
Insert into schedule (GAME_DATE,HOME,AWAY) values (STR_TO_DATE('02-02-2020','%d-%m-%Y'),'TOR','CHI');
Insert into schedule (GAME_DATE,HOME,AWAY) values (STR_TO_DATE('05-02-2020','%d-%m-%Y'),'TOR','IND');
Insert into schedule (GAME_DATE,HOME,AWAY) values (STR_TO_DATE('08-02-2020','%d-%m-%Y'),'TOR','BKN');
Insert into schedule (GAME_DATE,HOME,AWAY) values (STR_TO_DATE('10-02-2020','%d-%m-%Y'),'TOR','MIN');
Insert into schedule (GAME_DATE,HOME,AWAY) values (STR_TO_DATE('21-02-2020','%d-%m-%Y'),'TOR','PHO');
Insert into schedule (GAME_DATE,HOME,AWAY) values (STR_TO_DATE('23-02-2020','%d-%m-%Y'),'TOR','IND');
Insert into schedule (GAME_DATE,HOME,AWAY) values (STR_TO_DATE('25-02-2020','%d-%m-%Y'),'TOR','MIL');
Insert into schedule (GAME_DATE,HOME,AWAY) values (STR_TO_DATE('28-02-2020','%d-%m-%Y'),'TOR','CHA');
Insert into schedule (GAME_DATE,HOME,AWAY) values (STR_TO_DATE('14-03-2020','%d-%m-%Y'),'TOR','DET');
Insert into schedule (GAME_DATE,HOME,AWAY) values (STR_TO_DATE('16-03-2020','%d-%m-%Y'),'TOR','GSW');
Insert into schedule (GAME_DATE,HOME,AWAY) values (STR_TO_DATE('20-03-2020','%d-%m-%Y'),'TOR','BOS');
Insert into schedule (GAME_DATE,HOME,AWAY) values (STR_TO_DATE('22-03-2020','%d-%m-%Y'),'TOR','DEN');
Insert into schedule (GAME_DATE,HOME,AWAY) values (STR_TO_DATE('24-03-2020','%d-%m-%Y'),'TOR','LAL');
Insert into schedule (GAME_DATE,HOME,AWAY) values (STR_TO_DATE('30-03-2020','%d-%m-%Y'),'TOR','MEM');
Insert into schedule (GAME_DATE,HOME,AWAY) values (STR_TO_DATE('03-04-2020','%d-%m-%Y'),'TOR','MIL');
Insert into schedule (GAME_DATE,HOME,AWAY) values (STR_TO_DATE('10-04-2020','%d-%m-%Y'),'TOR','ATL');
Insert into schedule (GAME_DATE,HOME,AWAY) values (STR_TO_DATE('12-04-2020','%d-%m-%Y'),'TOR','NYK');
Insert into schedule (GAME_DATE,HOME,AWAY) values (STR_TO_DATE('23-10-2019','%d-%m-%Y'),'UTH','OKC');
Insert into schedule (GAME_DATE,HOME,AWAY) values (STR_TO_DATE('26-10-2019','%d-%m-%Y'),'UTH','SAC');
Insert into schedule (GAME_DATE,HOME,AWAY) values (STR_TO_DATE('30-10-2019','%d-%m-%Y'),'UTH','LAC');
Insert into schedule (GAME_DATE,HOME,AWAY) values (STR_TO_DATE('06-11-2019','%d-%m-%Y'),'UTH','PHI');
Insert into schedule (GAME_DATE,HOME,AWAY) values (STR_TO_DATE('08-11-2019','%d-%m-%Y'),'UTH','MIL');
Insert into schedule (GAME_DATE,HOME,AWAY) values (STR_TO_DATE('12-11-2019','%d-%m-%Y'),'UTH','BKN');
Insert into schedule (GAME_DATE,HOME,AWAY) values (STR_TO_DATE('18-11-2019','%d-%m-%Y'),'UTH','MIN');
Insert into schedule (GAME_DATE,HOME,AWAY) values (STR_TO_DATE('22-11-2019','%d-%m-%Y'),'UTH','GSW');
Insert into schedule (GAME_DATE,HOME,AWAY) values (STR_TO_DATE('23-11-2019','%d-%m-%Y'),'UTH','NOR');
Insert into schedule (GAME_DATE,HOME,AWAY) values (STR_TO_DATE('04-12-2019','%d-%m-%Y'),'UTH','LAL');
Insert into schedule (GAME_DATE,HOME,AWAY) values (STR_TO_DATE('07-12-2019','%d-%m-%Y'),'UTH','MEM');
Insert into schedule (GAME_DATE,HOME,AWAY) values (STR_TO_DATE('09-12-2019','%d-%m-%Y'),'UTH','OKC');
Insert into schedule (GAME_DATE,HOME,AWAY) values (STR_TO_DATE('13-12-2019','%d-%m-%Y'),'UTH','GSW');
Insert into schedule (GAME_DATE,HOME,AWAY) values (STR_TO_DATE('17-12-2019','%d-%m-%Y'),'UTH','ORL');
Insert into schedule (GAME_DATE,HOME,AWAY) values (STR_TO_DATE('26-12-2019','%d-%m-%Y'),'UTH','POR');
Insert into schedule (GAME_DATE,HOME,AWAY) values (STR_TO_DATE('30-12-2019','%d-%m-%Y'),'UTH','DET');
Insert into schedule (GAME_DATE,HOME,AWAY) values (STR_TO_DATE('08-01-2020','%d-%m-%Y'),'UTH','NYK');
Insert into schedule (GAME_DATE,HOME,AWAY) values (STR_TO_DATE('10-01-2020','%d-%m-%Y'),'UTH','CHA');
Insert into schedule (GAME_DATE,HOME,AWAY) values (STR_TO_DATE('18-01-2020','%d-%m-%Y'),'UTH','SAC');
Insert into schedule (GAME_DATE,HOME,AWAY) values (STR_TO_DATE('20-01-2020','%d-%m-%Y'),'UTH','IND');
Insert into schedule (GAME_DATE,HOME,AWAY) values (STR_TO_DATE('25-01-2020','%d-%m-%Y'),'UTH','DAL');
Insert into schedule (GAME_DATE,HOME,AWAY) values (STR_TO_DATE('27-01-2020','%d-%m-%Y'),'UTH','HOU');
Insert into schedule (GAME_DATE,HOME,AWAY) values (STR_TO_DATE('05-02-2020','%d-%m-%Y'),'UTH','DEN');
Insert into schedule (GAME_DATE,HOME,AWAY) values (STR_TO_DATE('07-02-2020','%d-%m-%Y'),'UTH','POR');
Insert into schedule (GAME_DATE,HOME,AWAY) values (STR_TO_DATE('12-02-2020','%d-%m-%Y'),'UTH','MIA');
Insert into schedule (GAME_DATE,HOME,AWAY) values (STR_TO_DATE('21-02-2020','%d-%m-%Y'),'UTH','SAS');
Insert into schedule (GAME_DATE,HOME,AWAY) values (STR_TO_DATE('22-02-2020','%d-%m-%Y'),'UTH','HOU');
Insert into schedule (GAME_DATE,HOME,AWAY) values (STR_TO_DATE('24-02-2020','%d-%m-%Y'),'UTH','PHO');
Insert into schedule (GAME_DATE,HOME,AWAY) values (STR_TO_DATE('26-02-2020','%d-%m-%Y'),'UTH','BOS');
Insert into schedule (GAME_DATE,HOME,AWAY) values (STR_TO_DATE('28-02-2020','%d-%m-%Y'),'UTH','WAS');
Insert into schedule (GAME_DATE,HOME,AWAY) values (STR_TO_DATE('09-03-2020','%d-%m-%Y'),'UTH','TOR');
Insert into schedule (GAME_DATE,HOME,AWAY) values (STR_TO_DATE('13-03-2020','%d-%m-%Y'),'UTH','NOR');
Insert into schedule (GAME_DATE,HOME,AWAY) values (STR_TO_DATE('14-03-2020','%d-%m-%Y'),'UTH','MEM');
Insert into schedule (GAME_DATE,HOME,AWAY) values (STR_TO_DATE('16-03-2020','%d-%m-%Y'),'UTH','LAL');
Insert into schedule (GAME_DATE,HOME,AWAY) values (STR_TO_DATE('20-03-2020','%d-%m-%Y'),'UTH','MIN');
Insert into schedule (GAME_DATE,HOME,AWAY) values (STR_TO_DATE('24-03-2020','%d-%m-%Y'),'UTH','SAS');
Insert into schedule (GAME_DATE,HOME,AWAY) values (STR_TO_DATE('28-03-2020','%d-%m-%Y'),'UTH','ATL');
Insert into schedule (GAME_DATE,HOME,AWAY) values (STR_TO_DATE('30-03-2020','%d-%m-%Y'),'UTH','CHI');
Insert into schedule (GAME_DATE,HOME,AWAY) values (STR_TO_DATE('01-04-2020','%d-%m-%Y'),'UTH','CLE');
Insert into schedule (GAME_DATE,HOME,AWAY) values (STR_TO_DATE('07-04-2020','%d-%m-%Y'),'UTH','LAC');
Insert into schedule (GAME_DATE,HOME,AWAY) values (STR_TO_DATE('14-04-2020','%d-%m-%Y'),'UTH','DEN');
Insert into schedule (GAME_DATE,HOME,AWAY) values (STR_TO_DATE('30-10-2019','%d-%m-%Y'),'WAS','HOU');
Insert into schedule (GAME_DATE,HOME,AWAY) values (STR_TO_DATE('02-11-2019','%d-%m-%Y'),'WAS','MIN');
Insert into schedule (GAME_DATE,HOME,AWAY) values (STR_TO_DATE('04-11-2019','%d-%m-%Y'),'WAS','DET');
Insert into schedule (GAME_DATE,HOME,AWAY) values (STR_TO_DATE('08-11-2019','%d-%m-%Y'),'WAS','CLE');
Insert into schedule (GAME_DATE,HOME,AWAY) values (STR_TO_DATE('20-11-2019','%d-%m-%Y'),'WAS','SAS');
Insert into schedule (GAME_DATE,HOME,AWAY) values (STR_TO_DATE('22-11-2019','%d-%m-%Y'),'WAS','CHA');
Insert into schedule (GAME_DATE,HOME,AWAY) values (STR_TO_DATE('24-11-2019','%d-%m-%Y'),'WAS','SAC');
Insert into schedule (GAME_DATE,HOME,AWAY) values (STR_TO_DATE('03-12-2019','%d-%m-%Y'),'WAS','ORL');
Insert into schedule (GAME_DATE,HOME,AWAY) values (STR_TO_DATE('05-12-2019','%d-%m-%Y'),'WAS','PHI');
Insert into schedule (GAME_DATE,HOME,AWAY) values (STR_TO_DATE('08-12-2019','%d-%m-%Y'),'WAS','LAC');
Insert into schedule (GAME_DATE,HOME,AWAY) values (STR_TO_DATE('18-12-2019','%d-%m-%Y'),'WAS','CHI');
Insert into schedule (GAME_DATE,HOME,AWAY) values (STR_TO_DATE('28-12-2019','%d-%m-%Y'),'WAS','NYK');
Insert into schedule (GAME_DATE,HOME,AWAY) values (STR_TO_DATE('30-12-2019','%d-%m-%Y'),'WAS','MIA');
Insert into schedule (GAME_DATE,HOME,AWAY) values (STR_TO_DATE('01-01-2020','%d-%m-%Y'),'WAS','ORL');
Insert into schedule (GAME_DATE,HOME,AWAY) values (STR_TO_DATE('03-01-2020','%d-%m-%Y'),'WAS','POR');
Insert into schedule (GAME_DATE,HOME,AWAY) values (STR_TO_DATE('04-01-2020','%d-%m-%Y'),'WAS','DEN');
Insert into schedule (GAME_DATE,HOME,AWAY) values (STR_TO_DATE('06-01-2020','%d-%m-%Y'),'WAS','BOS');
Insert into schedule (GAME_DATE,HOME,AWAY) values (STR_TO_DATE('10-01-2020','%d-%m-%Y'),'WAS','ATL');
Insert into schedule (GAME_DATE,HOME,AWAY) values (STR_TO_DATE('12-01-2020','%d-%m-%Y'),'WAS','UTH');
Insert into schedule (GAME_DATE,HOME,AWAY) values (STR_TO_DATE('20-01-2020','%d-%m-%Y'),'WAS','DET');
Insert into schedule (GAME_DATE,HOME,AWAY) values (STR_TO_DATE('30-01-2020','%d-%m-%Y'),'WAS','CHA');
Insert into schedule (GAME_DATE,HOME,AWAY) values (STR_TO_DATE('01-02-2020','%d-%m-%Y'),'WAS','BKN');
Insert into schedule (GAME_DATE,HOME,AWAY) values (STR_TO_DATE('03-02-2020','%d-%m-%Y'),'WAS','GSW');
Insert into schedule (GAME_DATE,HOME,AWAY) values (STR_TO_DATE('07-02-2020','%d-%m-%Y'),'WAS','DAL');
Insert into schedule (GAME_DATE,HOME,AWAY) values (STR_TO_DATE('09-02-2020','%d-%m-%Y'),'WAS','MEM');
Insert into schedule (GAME_DATE,HOME,AWAY) values (STR_TO_DATE('11-02-2020','%d-%m-%Y'),'WAS','CHI');
Insert into schedule (GAME_DATE,HOME,AWAY) values (STR_TO_DATE('21-02-2020','%d-%m-%Y'),'WAS','CLE');
Insert into schedule (GAME_DATE,HOME,AWAY) values (STR_TO_DATE('24-02-2020','%d-%m-%Y'),'WAS','MIL');
Insert into schedule (GAME_DATE,HOME,AWAY) values (STR_TO_DATE('26-02-2020','%d-%m-%Y'),'WAS','BKN');
Insert into schedule (GAME_DATE,HOME,AWAY) values (STR_TO_DATE('06-03-2020','%d-%m-%Y'),'WAS','ATL');
Insert into schedule (GAME_DATE,HOME,AWAY) values (STR_TO_DATE('08-03-2020','%d-%m-%Y'),'WAS','MIA');
Insert into schedule (GAME_DATE,HOME,AWAY) values (STR_TO_DATE('10-03-2020','%d-%m-%Y'),'WAS','NYK');
Insert into schedule (GAME_DATE,HOME,AWAY) values (STR_TO_DATE('15-03-2020','%d-%m-%Y'),'WAS','OKC');
Insert into schedule (GAME_DATE,HOME,AWAY) values (STR_TO_DATE('21-03-2020','%d-%m-%Y'),'WAS','MIL');
Insert into schedule (GAME_DATE,HOME,AWAY) values (STR_TO_DATE('23-03-2020','%d-%m-%Y'),'WAS','BOS');
Insert into schedule (GAME_DATE,HOME,AWAY) values (STR_TO_DATE('25-03-2020','%d-%m-%Y'),'WAS','PHO');
Insert into schedule (GAME_DATE,HOME,AWAY) values (STR_TO_DATE('28-03-2020','%d-%m-%Y'),'WAS','LAL');
Insert into schedule (GAME_DATE,HOME,AWAY) values (STR_TO_DATE('01-04-2020','%d-%m-%Y'),'WAS','NOR');
Insert into schedule (GAME_DATE,HOME,AWAY) values (STR_TO_DATE('03-04-2020','%d-%m-%Y'),'WAS','PHI');
Insert into schedule (GAME_DATE,HOME,AWAY) values (STR_TO_DATE('07-04-2020','%d-%m-%Y'),'WAS','TOR');
Insert into schedule (GAME_DATE,HOME,AWAY) values (STR_TO_DATE('15-04-2020','%d-%m-%Y'),'WAS','IND');
commit;


delete from game_dates;
Insert into game_dates (SELECT game_date,count(*) FROM schedule group by game_date);


